path,bytes,data_rows_if_csv,sha256
results_archive/v060_main/config_resolved(5).yaml,1382,,47f9c492e9116fad00242c95e2d72a7f3f2895c4cb8d53be456d421ed0cef542
results_archive/v060_main/episode_metrics(5).csv,179883,700,33d1a7e24dc082628b7ad7ae2698912ec3d1e08eb73a8be1c3ccb21c10eb260a
results_archive/v060_main/interventions(5).csv,671848,4660,8286aa716ec87702efa6e90c3af1114ea1bc390e94ab3b903d96f5455e7b15d5
results_archive/v060_main/manifest(5).json,285,,1f5d284a6b33db2bb2b68a3280f852e1e5118b2ec01efc08992b1dbe9e3f2938
results_archive/v060_main/step_metrics(5).csv,22884937,67200,27256b93244f9785176644916782211f7ae18d0dd798e1f4b3b8cdf68a81e7e9
results_archive/v060_main/trajectory_feasibility.csv,1550671,13440,e7bf1d2fbd39d40d65177577d260db30a081a7b30f888ce89355bec687126090
results_archive/v060_main/trajectory_feasibility_normalized.csv,1555640,13440,56734490815290cd5d4a8d953b79231cee7c707e9a80d78aae5c798971aa7a08
results_archive/v060_main/trajectory_feasibility_summary.csv,7652,140,0f936b9eeacc09f083c6a2e4018dcafa66d0c638762946ba56bad971b2636d54
results_archive/v060_main/trajectory_feasibility_summary_normalized.csv,6330,140,9e3f6becc3cb5a864f9c77c13ded8d09c0da9aef8c0045a95ab6a70aa48dbfbc
results_archive/v061_ablation/ablation_paired_gain.csv,870,7,147850f36cad87baa005f328b38ed7293ad13cce4c6c0b62caa439ed1f03606a
results_archive/v061_ablation/ablation_safety_summary.csv,1095,14,c0ae1a5321bbe5a8ae8ae8c46910833c57d2300fecde9d90043e7fc4b5523dc7
results_archive/v061_ablation/config_resolved(6).yaml,1342,,e6e2d3e612b0d92403645717b265baf9805bb5ecc12330e1017a592db5514857
results_archive/v061_ablation/episode_metrics(6).csv,127552,280,3e2872e3e7e6e12d831ead92aeb6cad50b965f093ed07fd5f085346f535a9a23
results_archive/v061_ablation/interventions(6).csv,671848,4660,8286aa716ec87702efa6e90c3af1114ea1bc390e94ab3b903d96f5455e7b15d5
results_archive/v061_ablation/latency_pf_summary.csv,4537,23,cf3318b30d062f644846587cdcc6a67da3d2942647f6fe5a5adbd7f54c6ba347
results_archive/v061_ablation/manifest(6).json,294,,2dd1f00efa474b6a05d463133ee78d93916fc7bb5e21b79ee46094d97b018458
results_archive/v061_ablation/step_metrics(6).csv,11647121,26880,ffd03c4035dfa51bef8e63d5997b113f2ffa336daa236cb41c0839b4e3b980e8
results_archive/v062_hard_constrained/config_resolved(7).yaml,1403,,a19568ca4849eba37baf433654c46a91da59fadf9eaa7db12568fe27e9980b3d
results_archive/v062_hard_constrained/episode_metrics(7).csv,62559,140,4c6af8b7d23f577e37e6192b80f6323446640238e7598f093dbd4fdd99d1fce3
results_archive/v062_hard_constrained/hard_constrained_diagnostic_summary.csv,1279,7,b19d6412411250e14e5cfe3ceb28925aa60977b771b7232a2be4de824d69030c
results_archive/v062_hard_constrained/interventions(7).csv,1,0,01ba4719c80b6fe911b091a7c05124b64eeece964e09c058ef8f9805daca546b
results_archive/v062_hard_constrained/manifest(7).json,290,,40f7e8052a59d7fc2a84f5e2fe9e840554e4d7cd1e6af25d076e63fd2b3eeeb2
results_archive/v062_hard_constrained/step_metrics(7).csv,7171564,13440,47101b1ea19f6f6e795fc9d30d3b6620ab383f24016806376fa4400618f6260b
results_archive/v062_hard_constrained/trajectory_feasibility(1).csv,1605542,13440,cc5d74b145f04c37e6f66d89665c4007d7df69e9ac19fbf3bf6cf2550349698d
results_archive/v062_hard_constrained/trajectory_feasibility_summary(1).csv,11202,140,48afa0a1bb6b39ecce468eed75afc66765114dd6d0a3c1913e33c9fb3d1b5f38
