controller,scenario,n,safe_rate_mean,safe_rate_sd,reject_rate_mean,intervention_rate_mean
assured,compound,20,1.0,0.0,0.0,0.1989583333333333
assured,demand_spike,20,0.9541666666666666,0.014885650887320368,0.045833333333333295,0.3994791666666667
assured,ev_coincidence,20,1.0,0.0,0.0,0.4072916666666667
assured,extreme_compound,20,0.6416666666666667,0.012371414655761703,0.35833333333333334,0.39583333333333337
assured,normal,20,1.0,0.0,0.0,0.4151041666666667
assured,renewable_drop,20,1.0,0.0,0.0,0.1989583333333333
assured,solar_surge,20,1.0,0.0,0.0,0.4114583333333333
reserve_only,compound,20,0.8010416666666667,0.013045481057569008,0.0,0.0
reserve_only,demand_spike,20,0.6177083333333333,0.016591111637865516,0.0,0.0
reserve_only,ev_coincidence,20,0.60625,0.015339124573783787,0.0,0.0
reserve_only,extreme_compound,20,0.6041666666666667,0.013934501126248725,0.0,0.0
reserve_only,normal,20,0.5947916666666667,0.014298598774026245,0.0,0.0
reserve_only,renewable_drop,20,0.8010416666666667,0.013045481057569008,0.0,0.0
reserve_only,solar_surge,20,0.5927083333333333,0.013045481057568994,0.0,0.0
