controller,scenario,decision,n_steps,proposal_ms_median,proposal_ms_p95,safety_layer_ms_median,safety_layer_ms_p95,safety_layer_ms_p99,compute_ms_median,compute_ms_p95,compute_ms_p99,pf_calls_safety_mean,pf_calls_safety_p95,pf_calls_total_mean,pf_calls_total_max
assured,compound,approve,1538,0.2827705175150186,0.3385472897207364,12.369687494356185,13.690426902030595,15.282153912121395,12.65537500148639,14.07090466818772,15.625127625535203,1.0,1.0,1.0,1
assured,compound,modify,382,0.3217085031792521,0.5394295236328601,579.8321669863071,626.5645413543098,638.1189184437972,580.1598124671727,626.8916291941423,643.4399131685495,43.0,43.0,43.0,43
assured,demand_spike,approve,1153,0.2846660208888352,0.33515861723571977,12.291166989598423,13.127416605129836,14.134676139801742,12.58079201215878,13.452258193865418,17.844127176795155,1.0,1.0,1.0,1
assured,demand_spike,modify,679,0.3256670315749943,7.479866722133012,593.9970839535818,635.2632164489478,641.0128924925813,595.4948330181651,638.7550293875393,646.1418184370268,43.0,43.0,43.0,43
assured,demand_spike,reject,88,2.7145204949192703,8.208616339834407,257.5676040141843,296.2625335349003,300.4776245355606,261.64168704417534,299.6577272017021,304.80955521401484,19.0,19.0,19.0,19
assured,ev_coincidence,approve,1138,0.28845851193182165,0.42538128327578295,12.331145495409146,13.649941884796135,13.836070228135213,12.621228524949402,14.120013292995278,21.963641591137197,1.0,1.0,1.0,1
assured,ev_coincidence,modify,782,1.5621874772477895,7.557745510712265,585.8355419768486,636.0568892821902,644.6580655541038,590.4749165347312,640.4254426335683,650.5687961849617,43.0,43.0,43.0,43
assured,extreme_compound,approve,1160,0.285916990833357,0.3278788470197468,12.333374994341284,13.077154479105959,13.723775057587773,12.623187969438732,13.379764315322973,14.1595162905287,1.0,1.0,1.0,1
assured,extreme_compound,modify,72,0.30629150569438934,5.99420817452483,585.6543540139683,638.128683398827,640.9029324667063,587.3179159825668,640.2530444407603,645.6385407742346,43.0,43.0,43.0,43
assured,extreme_compound,reject,688,0.3093960112892091,0.3298567840829491,246.00431250291876,287.93608169653453,291.9045952957822,246.30433300626464,288.24201336537953,292.2030078381067,19.0,19.0,19.0,19
assured,normal,approve,1123,0.2922079875133931,0.4357743833679706,12.30916695203632,13.662970892619342,14.855506742605941,12.597042019478977,16.233421082142605,21.453605965944003,1.0,1.0,1.0,1
assured,normal,modify,797,1.5534579870291054,6.326466822065411,579.8836670001037,630.6946411845274,653.2284713629632,582.4516250286251,634.1931333881803,658.0465112649835,43.0,43.0,43.0,43
assured,renewable_drop,approve,1538,0.28077053138986224,0.31870452803559596,12.284750497201458,13.038593626697546,13.708381276810542,12.568791978992522,13.338810647837818,14.125859288615171,1.0,1.0,1.0,1
assured,renewable_drop,modify,382,0.3174165030941367,0.5354413529857976,576.4879794733133,615.8600437745918,630.5449860822409,576.8046044686344,616.1629250476835,631.411942501436,43.0,43.0,43.0,43
assured,solar_surge,approve,1130,0.29154150979593396,0.35734618140850205,12.35437547438778,13.632599872653373,14.612541790120316,12.64537451788783,14.01919624186121,19.344429022166892,1.0,1.0,1.0,1
assured,solar_surge,modify,790,1.5292710158973932,1.658064406365156,577.5521040195599,619.4021670264192,637.5512546027312,578.0148335034028,621.287642873358,639.2086867650505,43.0,43.0,43.0,43
reserve_only,compound,approve,1920,0.28062501223757863,0.34134343732148403,0.0,0.0,0.0,12.494708033045754,13.869813134078868,15.707203685888086,0.0,0.0,1.0,1
reserve_only,demand_spike,approve,1920,0.28052099514752626,0.34884442866314197,0.0,0.0,0.0,12.498937518103048,14.069600717630236,16.85895730974152,0.0,0.0,1.0,1
reserve_only,ev_coincidence,approve,1920,0.2856665232684463,0.36758604692295194,0.0,0.0,0.0,12.612291524419561,14.130592992296442,15.886951534193937,0.0,0.0,1.0,1
reserve_only,extreme_compound,approve,1920,0.2774794993456453,0.3093770501436665,0.0,0.0,0.0,12.443209008779377,13.152454444207253,14.09932042530272,0.0,0.0,1.0,1
reserve_only,normal,approve,1920,0.27295851032249624,0.3429294389206916,0.0,0.0,0.0,12.079062464181334,13.058377432753332,15.07840278325602,0.0,0.0,1.0,1
reserve_only,renewable_drop,approve,1920,0.2751669962890446,0.33137914142571384,0.0,0.0,0.0,12.326750031206757,13.548152381554246,15.551436768146226,0.0,0.0,1.0,1
reserve_only,solar_surge,approve,1920,0.280542008113116,0.3633452055510133,0.0,0.0,0.0,12.243707955349237,14.316256862366574,15.582397523685357,0.0,0.0,1.0,1
