controller,scenario,seed,steps,grid_safe_rate,voltage_violation_rate,thermal_violation_rate,mean_min_voltage_pu,worst_min_voltage_pu,max_line_loading_pct,mean_grid_import_mw,total_losses_mwh,renewable_curtailment_mwh,proposal_feasible_rate,runtime_intervention_rate,intervention_rate,modify_rate,override_rate,reject_rate,mean_action_distance,mean_battery_soc,mean_ev_soc,mean_proposal_latency_ms,median_proposal_latency_ms,p95_proposal_latency_ms,mean_safety_layer_latency_ms,median_safety_layer_latency_ms,p95_safety_layer_latency_ms,p99_safety_layer_latency_ms,mean_measured_compute_latency_ms,median_measured_compute_latency_ms,p95_measured_compute_latency_ms,p99_measured_compute_latency_ms,mean_pf_calls_total,max_pf_calls_total,mean_pf_calls_safety_layer,max_pf_calls_safety_layer
hard_constrained,normal,101,96,0.8541666666666666,0.14583333333333334,0.0,0.9701698432226818,0.9358271823624887,99.99999804812312,1.179883197223696,1.6759973529062062,2.0483985425563302,1.0,0.0,0.0,0.0,0.0,0.14583333333333334,0.0,0.32987226478493326,0.24290421949349686,364.0715932688181,120.28029150678776,1866.3425207341788,0.0,0.0,0.0,0.0,364.0715932688181,120.28029150678776,1866.3425207341788,2635.99505557504,28.114583333333332,206.0,0.0,0.0
hard_constrained,normal,202,96,0.8333333333333334,0.16666666666666666,0.0,0.9699925140383234,0.9352062982968796,99.99999999996857,1.1826593595409474,1.6909470249733363,2.161777654604269,1.0,0.0,0.0,0.0,0.0,0.16666666666666666,0.0,0.3289142111628396,0.2368392466779802,364.6329118946596,122.27375051588751,1788.5539894923568,0.0,0.0,0.0,0.0,364.6329118946596,122.27375051588751,1788.5539894923568,2394.182547874516,28.010416666666668,179.0,0.0,0.0
hard_constrained,normal,303,96,0.84375,0.15625,0.0,0.9702131054090386,0.9356880261752536,99.99999805068335,1.1763222553926322,1.6717642218953692,2.2848668362275157,1.0,0.0,0.0,0.0,0.0,0.15625,0.0,0.3325525037927854,0.24112167293063247,396.2770828972377,122.40679198293947,2094.236896504299,0.0,0.0,0.0,0.0,396.2770828972377,122.40679198293947,2094.236896504299,2507.6119964767713,30.53125,196.0,0.0,0.0
hard_constrained,normal,404,96,0.84375,0.15625,0.0,0.9701322951879486,0.9347473084916595,99.99999999996125,1.1851099692217204,1.6823552981250383,2.130456282722531,1.0,0.0,0.0,0.0,0.0,0.15625,0.0,0.3284210101842261,0.24062416330401884,401.9264118232968,122.17389600118622,1983.9393849833868,0.0,0.0,0.0,0.0,401.9264118232968,122.17389600118622,1983.9393849833868,3151.128804162714,29.90625,525.0,0.0,0.0
hard_constrained,normal,505,96,0.84375,0.15625,0.0,0.9701690702187961,0.9346148924602388,99.99999999707266,1.1823628442425556,1.6945582472023866,2.2559147123510694,1.0,0.0,0.0,0.0,0.0,0.15625,0.0,0.32986490671706753,0.240714510191797,444.3264067067503,136.43593748565763,2168.658666749252,0.0,0.0,0.0,0.0,444.3264067067503,136.43593748565763,2168.658666749252,2451.475116959773,32.03125,177.0,0.0,0.0
hard_constrained,normal,606,96,0.8541666666666666,0.14583333333333334,0.0,0.9702416062643305,0.9371287293038529,99.99999999870694,1.1810558469858783,1.6765278296071906,2.1345263784653024,1.0,0.0,0.0,0.0,0.0,0.14583333333333334,0.0,0.3281710391367095,0.2461152465905295,369.3553810965871,147.81075000064448,1309.7818122623721,0.0,0.0,0.0,0.0,369.3553810965871,147.81075000064448,1309.7818122623721,2891.0263732483136,25.145833333333332,223.0,0.0,0.0
hard_constrained,normal,707,96,0.8541666666666666,0.14583333333333334,0.0,0.9703477158501768,0.9378747251439797,98.76657835896023,1.1721754697359394,1.6752597617221947,2.235000977965634,1.0,0.0,0.0,0.0,0.0,0.14583333333333334,0.0,0.3347474288614425,0.24525356642729026,504.6041588090399,137.11877100286074,2513.294479213073,0.0,0.0,0.0,0.0,504.6041588090399,137.11877100286074,2513.294479213073,2930.0279354560184,35.072916666666664,208.0,0.0,0.0
hard_constrained,normal,808,96,0.84375,0.15625,0.0,0.9704529738677401,0.9371309973421287,100.00000000021423,1.1662427116039176,1.6864053505265977,2.2342154433293167,1.0,0.0,0.0,0.0,0.0,0.15625,0.0,0.330420053951535,0.2403836912965712,397.94875219680154,138.18375000846572,2258.9945629879367,0.0,0.0,0.0,0.0,397.94875219680154,138.18375000846572,2258.9945629879367,2777.4189541698433,26.989583333333332,190.0,0.0,0.0
hard_constrained,normal,909,96,0.8541666666666666,0.14583333333333334,0.0,0.9705570446235917,0.9331567183842621,99.99999999739295,1.1616348775902718,1.6696330311232122,2.062824398466587,1.0,0.0,0.0,0.0,0.0,0.14583333333333334,0.0,0.33378360308185145,0.24486732738100558,394.6634396003598,148.3358124969527,1334.9323849834036,0.0,0.0,0.0,0.0,394.6634396003598,148.3358124969527,1334.9323849834036,3145.26531008014,24.729166666666668,198.0,0.0,0.0
hard_constrained,normal,1010,96,0.8541666666666666,0.14583333333333334,0.0,0.9702629245846847,0.9360933640453626,99.99999999987669,1.173995514460735,1.667740457719443,2.2732694402196776,1.0,0.0,0.0,0.0,0.0,0.14583333333333334,0.0,0.33029028251183895,0.24788985669680894,366.5730615915284,158.1989790138323,748.3011872391216,0.0,0.0,0.0,0.0,366.5730615915284,158.1989790138323,748.3011872391216,3228.172158333472,22.53125,214.0,0.0,0.0
hard_constrained,normal,1111,96,0.8541666666666666,0.14583333333333334,0.0,0.9703670893899202,0.9369873813824331,99.99999805395105,1.1758655209957751,1.6821941205764297,2.0219326926693277,1.0,0.0,0.0,0.0,0.0,0.14583333333333334,0.0,0.3271371441966711,0.23822872019396793,416.5972717267626,151.39916652697138,2374.809302491485,0.0,0.0,0.0,0.0,416.5972717267626,151.39916652697138,2374.809302491485,3057.0637910364885,26.177083333333332,225.0,0.0,0.0
hard_constrained,normal,1212,96,0.8541666666666666,0.14583333333333334,0.0,0.9702747952551402,0.9324244476948792,99.9999999997788,1.1717873740428046,1.68418214688244,2.045332950672501,1.0,0.0,0.0,0.0,0.0,0.14583333333333334,0.0,0.324992224490547,0.23569924783954185,397.06796789808624,150.36631250404753,1551.0472599853529,0.0,0.0,0.0,0.0,397.06796789808624,150.36631250404753,1551.0472599853529,3076.7114276735783,25.34375,239.0,0.0,0.0
hard_constrained,normal,1313,96,0.8541666666666666,0.14583333333333334,0.0,0.9704622627776059,0.9347044360942567,99.99999999979364,1.168317577894286,1.6712487342459625,2.068645590988595,1.0,0.0,0.0,0.0,0.0,0.14583333333333334,0.0,0.3318729236322147,0.24222375107667227,385.2982009684638,157.66556246671826,1991.5631877374835,0.0,0.0,0.0,0.0,385.2982009684638,157.66556246671826,1991.5631877374835,2848.6659889720604,24.354166666666668,201.0,0.0,0.0
hard_constrained,normal,1414,96,0.84375,0.15625,0.0,0.9704077395541354,0.9366756839565092,98.45048365295574,1.171933638411818,1.6773454215288859,2.190422627904204,1.0,0.0,0.0,0.0,0.0,0.15625,0.0,0.33038685816048236,0.24321144630198058,478.13945187408535,156.92477102857083,2619.565510758548,0.0,0.0,0.0,0.0,478.13945187408535,156.92477102857083,2619.565510758548,3156.278741030827,29.739583333333332,411.0,0.0,0.0
hard_constrained,normal,1515,96,0.84375,0.15625,0.0,0.9702545673823808,0.9341922600744532,100.00000000046963,1.1796280837663857,1.687278916646013,2.0572976051703256,1.0,0.0,0.0,0.0,0.0,0.15625,0.0,0.32874901917382493,0.23820432416885903,395.66158243360405,155.5903539992869,1620.226958024432,0.0,0.0,0.0,0.0,395.66158243360405,155.5903539992869,1620.226958024432,2993.715012448956,25.291666666666668,207.0,0.0,0.0
hard_constrained,normal,1616,96,0.8333333333333334,0.16666666666666666,0.0,0.9700827678828089,0.938081348968715,100.00000000030313,1.1859045435708608,1.682185004635202,2.123146144343891,1.0,0.0,0.0,0.0,0.0,0.16666666666666666,0.0,0.32735334474657024,0.23587526594109232,433.83185934483964,154.13143698242493,2494.1673332214123,0.0,0.0,0.0,0.0,433.83185934483964,154.13143698242493,2494.1673332214123,2714.7979128349107,27.197916666666668,176.0,0.0,0.0
hard_constrained,normal,1717,96,0.84375,0.15625,0.0,0.969876854659923,0.9350584385003804,100.0000000003687,1.1922461959919566,1.6818523502582035,2.1088432259374095,1.0,0.0,0.0,0.0,0.0,0.15625,0.0,0.3329857517543348,0.24421462213508063,378.7836045903532,156.03368749725632,1637.672770782956,0.0,0.0,0.0,0.0,378.7836045903532,156.03368749725632,1637.672770782956,2956.8202000198644,23.520833333333332,199.0,0.0,0.0
hard_constrained,normal,1818,96,0.8645833333333334,0.13541666666666666,0.0,0.9706113619017493,0.9333355039297216,99.9999998192714,1.1657883891402026,1.6720764195069906,2.1558355735542207,1.0,0.0,0.0,0.0,0.0,0.13541666666666666,0.0,0.33603189910179704,0.24016872316701066,436.2174166835757,150.03339550457895,2169.6311462292215,0.0,0.0,0.0,0.0,436.2174166835757,150.03339550457895,2169.6311462292215,2833.811995503492,27.770833333333332,188.0,0.0,0.0
hard_constrained,normal,1919,96,0.84375,0.15625,0.0,0.9702778897684968,0.9333558771952969,99.99999805109897,1.177216451648902,1.680143673269916,2.2543427478652807,1.0,0.0,0.0,0.0,0.0,0.15625,0.0,0.33113940424189087,0.2455243733029567,403.07124870560074,150.42506248573773,1723.8272500253515,0.0,0.0,0.0,0.0,403.07124870560074,150.42506248573773,1723.8272500253515,3002.8911517467336,25.270833333333332,205.0,0.0,0.0
hard_constrained,normal,2020,96,0.8541666666666666,0.14583333333333334,0.0,0.9700722433783394,0.9351321431343448,99.99999999817783,1.1816922130812735,1.6823076467060436,2.1128665841493266,1.0,0.0,0.0,0.0,0.0,0.14583333333333334,0.0,0.3263377975443912,0.23896135000142463,365.76587453479686,151.59864551969804,1138.8109480176354,0.0,0.0,0.0,0.0,365.76587453479686,151.59864551969804,1138.8109480176354,3087.512445563334,22.947916666666668,183.0,0.0,0.0
hard_constrained,solar_surge,101,96,0.8541666666666666,0.14583333333333334,0.0,0.9701802141668567,0.9358271823624887,99.99999804812312,1.177991819319164,1.6788908691344535,3.553308509979162,1.0,0.0,0.0,0.0,0.0,0.14583333333333334,0.0,0.33298088449313673,0.24594843787360757,467.09140842540364,141.47687502554618,2517.00354195782,0.0,0.0,0.0,0.0,467.09140842540364,141.47687502554618,2517.00354195782,3163.585238149971,30.041666666666668,215.0,0.0,0.0
hard_constrained,solar_surge,202,96,0.8333333333333334,0.16666666666666666,0.0,0.9699962246204737,0.9352062982968796,99.99999999996857,1.1812301247503705,1.690273978872328,3.6343283660603096,1.0,0.0,0.0,0.0,0.0,0.16666666666666666,0.0,0.3334369848951007,0.2414815459940632,534.5608384814113,154.13991649984382,2753.171791016939,0.0,0.0,0.0,0.0,534.5608384814113,154.13991649984382,2753.171791016939,3375.8487604121906,33.25,226.0,0.0,0.0
hard_constrained,solar_surge,303,96,0.84375,0.15625,0.0,0.9702133818141686,0.9356880261752536,99.99999805068335,1.1747667080111501,1.6696976663302772,3.7617685576964464,1.0,0.0,0.0,0.0,0.0,0.15625,0.0,0.33616539615531965,0.242357275561536,519.3070533575034,156.26427051029168,2501.9706144812517,0.0,0.0,0.0,0.0,519.3070533575034,156.26427051029168,2501.9706144812517,2802.8158648754434,32.010416666666664,236.0,0.0,0.0
hard_constrained,solar_surge,404,96,0.84375,0.15625,0.0,0.9701267388760556,0.9347473084916595,99.99999999996125,1.1838364983000698,1.6841646343781975,3.5816047690603012,1.0,0.0,0.0,0.0,0.0,0.15625,0.0,0.3332884712862369,0.24401715828449902,424.6789882381563,156.0347710037604,2026.2972287164303,0.0,0.0,0.0,0.0,424.6789882381563,156.0347710037604,2026.2972287164303,2979.225565193337,26.427083333333332,185.0,0.0,0.0
hard_constrained,solar_surge,505,96,0.84375,0.15625,0.0,0.9701773588429982,0.9346148924602388,99.99999999707266,1.1803980813099575,1.6929703654193338,3.716387646788052,1.0,0.0,0.0,0.0,0.0,0.15625,0.0,0.33343717832739284,0.2447371274657216,502.70929594686703,151.66431249235757,2306.5019997156924,0.0,0.0,0.0,0.0,502.70929594686703,151.66431249235757,2306.5019997156924,2639.183402116759,31.197916666666668,180.0,0.0,0.0
hard_constrained,solar_surge,606,96,0.8541666666666666,0.14583333333333334,0.0,0.970236874404418,0.9371287293038529,99.99999999870694,1.180373567524405,1.6753920173832948,3.6631067374454855,1.0,0.0,0.0,0.0,0.0,0.14583333333333334,0.0,0.3321548904986901,0.2451090361394379,390.6241037845272,146.18518747738563,1053.7451559939655,0.0,0.0,0.0,0.0,390.6241037845272,146.18518747738563,1053.7451559939655,3024.4070107495636,24.614583333333332,223.0,0.0,0.0
hard_constrained,solar_surge,707,96,0.8541666666666666,0.14583333333333334,0.0,0.9703529978518016,0.9378747251439797,98.76657835896023,1.1706495334583256,1.6745087862086514,3.7217105086113245,1.0,0.0,0.0,0.0,0.0,0.14583333333333334,0.0,0.33586076185391195,0.24707376572148285,546.6707070621245,143.78506250795908,2677.327562472783,0.0,0.0,0.0,0.0,546.6707070621245,143.78506250795908,2677.327562472783,2847.10723060707,35.65625,194.0,0.0,0.0
hard_constrained,solar_surge,808,96,0.84375,0.15625,0.0,0.9704406732759919,0.9371309973421287,100.00000000021423,1.1646252631958938,1.6864857869034329,3.7142632489103495,1.0,0.0,0.0,0.0,0.0,0.15625,0.0,0.33609453747412,0.2476665685537054,423.0945351385647,151.0583955096081,1956.9259684649296,0.0,0.0,0.0,0.0,423.0945351385647,151.0583955096081,1956.9259684649296,2721.6392228729082,26.354166666666668,183.0,0.0,0.0
hard_constrained,solar_surge,909,96,0.8541666666666666,0.14583333333333334,0.0,0.9705725757887179,0.9331567183842621,99.99999999739295,1.1608417308036263,1.6696180427877252,3.6987529121119778,1.0,0.0,0.0,0.0,0.0,0.14583333333333334,0.0,0.3369334420937909,0.24492625764784337,405.65937281341274,145.31237550545484,1785.1039062370546,0.0,0.0,0.0,0.0,405.65937281341274,145.31237550545484,1785.1039062370546,2578.0470246681907,25.854166666666668,242.0,0.0,0.0
hard_constrained,solar_surge,1010,96,0.8541666666666666,0.14583333333333334,0.0,0.9702949680538698,0.9360933640453626,99.99999999987669,1.1738289965202615,1.665118012305134,3.7263034468551304,1.0,0.0,0.0,0.0,0.0,0.14583333333333334,0.0,0.33335997211611296,0.24702338194181642,321.9971119560796,148.13145849620923,669.6511359914439,0.0,0.0,0.0,0.0,321.9971119560796,148.13145849620923,669.6511359914439,2679.7906639403654,20.697916666666668,182.0,0.0,0.0
hard_constrained,solar_surge,1111,96,0.8541666666666666,0.14583333333333334,0.0,0.9704145079416301,0.9369873813824331,99.99999805395105,1.1733808859767396,1.6750795500061897,3.6034195857498377,1.0,0.0,0.0,0.0,0.0,0.14583333333333334,0.0,0.3322119463150374,0.24179416727529382,449.5723680580947,157.70620800321922,2405.3473752428545,0.0,0.0,0.0,0.0,449.5723680580947,157.70620800321922,2405.3473752428545,2941.7738434451167,27.75,176.0,0.0,0.0
hard_constrained,solar_surge,1212,96,0.8541666666666666,0.14583333333333334,0.0,0.9702721013285102,0.9324244476948792,99.9999999997788,1.170833377841613,1.683508685361229,3.6017764980667106,1.0,0.0,0.0,0.0,0.0,0.14583333333333334,0.0,0.3319760179448174,0.24028262896518462,374.3672556144399,149.60474998224527,1099.6264689601958,0.0,0.0,0.0,0.0,374.3672556144399,149.60474998224527,1099.6264689601958,2759.0931503102174,24.270833333333332,193.0,0.0,0.0
hard_constrained,solar_surge,1313,96,0.8541666666666666,0.14583333333333334,0.0,0.9704731913284149,0.9347044360942567,99.99999999979364,1.1663244669887884,1.6705455771102038,3.652462423501982,1.0,0.0,0.0,0.0,0.0,0.14583333333333334,0.0,0.33461936092608036,0.24355998321118275,407.0028888230202,150.69133348879404,1976.622459027567,0.0,0.0,0.0,0.0,407.0028888230202,150.69133348879404,1976.622459027567,2476.926076467497,25.885416666666668,187.0,0.0,0.0
hard_constrained,solar_surge,1414,96,0.84375,0.15625,0.0,0.9704178499851691,0.9366756839565092,98.45048365295574,1.171013741983155,1.6776966700528146,3.701836766426355,1.0,0.0,0.0,0.0,0.0,0.15625,0.0,0.3333868670582349,0.2459183871567594,411.97191711641307,144.14037502137944,1662.6656042499235,0.0,0.0,0.0,0.0,411.97191711641307,144.14037502137944,1662.6656042499235,2324.4857250014206,27.416666666666668,411.0,0.0,0.0
hard_constrained,solar_surge,1515,96,0.8541666666666666,0.14583333333333334,0.0,0.9703364338590174,0.9341922600744532,100.00000000046963,1.1769839970884366,1.6794413543593114,3.581434234540082,1.0,0.0,0.0,0.0,0.0,0.14583333333333334,0.0,0.3352941016636957,0.24302673145547168,432.1034531027787,153.96893749129958,1816.8320312543074,0.0,0.0,0.0,0.0,432.1034531027787,153.96893749129958,1816.8320312543074,2954.4383702334017,27.333333333333332,189.0,0.0,0.0
hard_constrained,solar_surge,1616,96,0.8333333333333334,0.16666666666666666,0.0,0.9700850462397481,0.938081348968715,100.00000000030313,1.1851081952332414,1.68228317412545,3.6214286676764065,1.0,0.0,0.0,0.0,0.0,0.16666666666666666,0.0,0.32977962962024526,0.2408345933070699,453.9930838327564,155.79904202604666,2309.877625259105,0.0,0.0,0.0,0.0,453.9930838327564,155.79904202604666,2309.877625259105,2873.460596124641,28.333333333333332,202.0,0.0,0.0
hard_constrained,solar_surge,1717,96,0.84375,0.15625,0.0,0.969861879481367,0.9350584385003804,100.0000000003687,1.191712925666198,1.6786670909583135,3.6782653327344295,1.0,0.0,0.0,0.0,0.0,0.15625,0.0,0.3370933939728939,0.24904905452537185,416.22020309599367,142.8197085042484,2029.9604792526225,0.0,0.0,0.0,0.0,416.22020309599367,142.8197085042484,2029.9604792526225,2841.1041374813067,26.541666666666668,179.0,0.0,0.0
hard_constrained,solar_surge,1818,96,0.8645833333333334,0.13541666666666666,0.0,0.9706116061914883,0.9333355039297216,99.9999998192714,1.1644182459277304,1.6770039471320337,3.6317684030020763,1.0,0.0,0.0,0.0,0.0,0.13541666666666666,0.0,0.33603214179383195,0.24231927672143705,397.20563458225416,145.9992294840049,1720.5471354682231,0.0,0.0,0.0,0.0,397.20563458225416,145.9992294840049,1720.5471354682231,2636.162980980588,25.572916666666668,172.0,0.0,0.0
hard_constrained,solar_surge,1919,96,0.84375,0.15625,0.0,0.9702719923504931,0.9333558771952969,99.99999805109897,1.1762570571069286,1.680017886565445,3.6888532954555298,1.0,0.0,0.0,0.0,0.0,0.15625,0.0,0.3331536496055412,0.24663498662395633,376.8048502806778,151.12122948630713,1056.4395627297927,0.0,0.0,0.0,0.0,376.8048502806778,151.12122948630713,1056.4395627297927,2926.3704271113966,24.552083333333332,203.0,0.0,0.0
hard_constrained,solar_surge,2020,96,0.8541666666666666,0.14583333333333334,0.0,0.9700385030640931,0.9351321431343448,99.99999999817783,1.1805710193597463,1.6779021135641252,3.6663592002189276,1.0,0.0,0.0,0.0,0.0,0.14583333333333334,0.0,0.33465716865391326,0.24370716561856257,542.1154136341405,153.863708517747,2668.3830729598412,0.0,0.0,0.0,0.0,542.1154136341405,153.863708517747,2668.3830729598412,3026.102614519184,33.21875,258.0,0.0,0.0
hard_constrained,renewable_drop,101,96,0.84375,0.15625,0.0,0.9652565202287006,0.9358271823624887,99.99999804812312,1.453728758834112,1.3037138464997882,0.003953976689382766,1.0,0.0,0.0,0.0,0.0,0.15625,0.0,0.1586139775728301,0.22629378813177348,158.19348313561932,142.27562499581836,200.95707273867447,0.0,0.0,0.0,0.0,158.19348313561932,142.27562499581836,200.95707273867447,513.4302666556322,10.28125,34.0,0.0,0.0
hard_constrained,renewable_drop,202,96,0.8229166666666666,0.17708333333333334,0.0,0.965240435388362,0.9352062982968796,99.99999999996857,1.4550881359459982,1.3177939896868271,0.003953938655775812,1.0,0.0,0.0,0.0,0.0,0.17708333333333334,0.0,0.15855218876986013,0.22500443388724667,188.58729773940772,146.66606197715737,368.50554174452554,0.0,0.0,0.0,0.0,188.58729773940772,146.66606197715737,368.50554174452554,608.8709208357564,12.020833333333334,136.0,0.0,0.0
hard_constrained,renewable_drop,303,96,0.8333333333333334,0.16666666666666666,0.0,0.9654419803292583,0.9356880261752536,99.99999805068335,1.4433481576993519,1.3030915263902905,0.008684631648874416,1.0,0.0,0.0,0.0,0.0,0.16666666666666666,0.0,0.1590379000616222,0.22436951752213405,209.45278945752457,146.9958544766996,390.7908750115894,0.0,0.0,0.0,0.0,209.45278945752457,146.9958544766996,390.7908750115894,2192.2045704734037,13.3125,156.0,0.0,0.0
hard_constrained,renewable_drop,404,96,0.8229166666666666,0.17708333333333334,0.0,0.9651869686078527,0.9347473084916595,99.99999999996125,1.4601123245285308,1.31342186491564,0.00430936932571638,1.0,0.0,0.0,0.0,0.0,0.17708333333333334,0.0,0.15803723258313032,0.22545498641083359,164.64840842612224,153.85368748684414,220.28180201596115,0.0,0.0,0.0,0.0,164.64840842612224,153.85368748684414,220.28180201596115,397.93856903270307,10.375,35.0,0.0,0.0
hard_constrained,renewable_drop,505,96,0.8333333333333334,0.16666666666666666,0.0,0.965316469925709,0.9346148924602388,99.99999999707266,1.4549064137349237,1.3165000102764624,0.013929454831307185,1.0,0.0,0.0,0.0,0.0,0.16666666666666666,0.0,0.15885700902943328,0.22436951766160954,196.23363107105737,149.3768749642186,348.1086662504822,0.0,0.0,0.0,0.0,196.23363107105737,149.3768749642186,348.1086662504822,1526.2110875075439,12.59375,130.0,0.0,0.0
hard_constrained,renewable_drop,606,96,0.84375,0.15625,0.0,0.965457700583229,0.9371287293038529,99.99999999870694,1.4547269526561764,1.299955273205297,0.005115449166798692,1.0,0.0,0.0,0.0,0.0,0.15625,0.0,0.158333024217966,0.22501800154271154,202.30378387350356,141.07360452180728,322.90772900159936,0.0,0.0,0.0,0.0,202.30378387350356,141.07360452180728,322.90772900159936,1286.833397956791,13.072916666666666,223.0,0.0,0.0
hard_constrained,renewable_drop,707,96,0.8541666666666666,0.14583333333333334,0.0,0.9655770066153296,0.9378747251439797,98.76657835896023,1.4435525939323668,1.3042126493103017,1.4950513757877369e-13,1.0,0.0,0.0,0.0,0.0,0.14583333333333334,0.0,0.15916954525986174,0.22437680753929426,209.06319315387614,143.8504375400953,525.1535002462333,0.0,0.0,0.0,0.0,209.06319315387614,143.8504375400953,525.1535002462333,1367.161556208153,13.375,169.0,0.0,0.0
hard_constrained,renewable_drop,808,96,0.8333333333333334,0.16666666666666666,0.0,0.9656052117954591,0.9371309973421287,100.00000000021423,1.435773429905609,1.3154974857606065,0.0011990203853192217,1.0,0.0,0.0,0.0,0.0,0.16666666666666666,0.0,0.15895660814701149,0.22436952098421348,155.49074045035618,136.63962500868365,229.8037397558801,0.0,0.0,0.0,0.0,155.49074045035618,136.63962500868365,229.8037397558801,522.7158500289078,10.59375,35.0,0.0,0.0
hard_constrained,renewable_drop,909,96,0.8333333333333334,0.16666666666666666,0.0,0.965729082907924,0.9331567183842621,99.99999999739295,1.4335965263338164,1.3035120133249025,0.004819051258267228,1.0,0.0,0.0,0.0,0.0,0.16666666666666666,0.0,0.15882130578962808,0.2247131259885494,186.00584634502107,146.104812505655,373.12746873067226,0.0,0.0,0.0,0.0,186.00584634502107,146.104812505655,373.12746873067226,583.3140857663178,11.864583333333334,162.0,0.0,0.0
hard_constrained,renewable_drop,1010,96,0.84375,0.15625,0.0,0.9655004994319217,0.9360933640453626,99.99999999987669,1.4444062559354414,1.2959379646329432,0.01305129883449951,1.0,0.0,0.0,0.0,0.0,0.15625,0.0,0.15875964296715744,0.22563892492436244,169.82111240516437,150.38425000966527,344.19781200995203,0.0,0.0,0.0,0.0,169.82111240516437,150.38425000966527,344.19781200995203,434.41115833993524,10.84375,30.0,0.0,0.0
hard_constrained,renewable_drop,1111,96,0.84375,0.15625,0.0,0.9655134147203482,0.9369873813824331,99.99999805395105,1.4489478330877947,1.3018006029360731,5.7348917418598155e-05,1.0,0.0,0.0,0.0,0.0,0.15625,0.0,0.15805305399013236,0.2243695175983338,158.60387029473108,144.9815625383053,206.18920850392897,0.0,0.0,0.0,0.0,158.60387029473108,144.9815625383053,206.18920850392897,450.40073399432,10.229166666666666,30.0,0.0,0.0
hard_constrained,renewable_drop,1212,96,0.84375,0.15625,0.0,0.965382939260658,0.9324244476948792,99.9999999997788,1.4454122941060958,1.3051635666789905,0.0016328523348762016,1.0,0.0,0.0,0.0,0.0,0.15625,0.0,0.15839052819384372,0.22459187827425345,161.48634764977032,141.7178334959317,273.99123924260493,0.0,0.0,0.0,0.0,161.48634764977032,141.7178334959317,273.99123924260493,515.8364898961736,10.6875,34.0,0.0,0.0
hard_constrained,renewable_drop,1313,96,0.8541666666666666,0.14583333333333334,0.0,0.9655722192133712,0.9347044360942567,99.99999999979364,1.4427972506388365,1.2990476410883827,0.006914150603378303,1.0,0.0,0.0,0.0,0.0,0.14583333333333334,0.0,0.158109752782428,0.2247089718383656,177.42043795563708,146.4201874914579,237.93370825296734,0.0,0.0,0.0,0.0,177.42043795563708,146.4201874914579,237.93370825296734,522.9313503281404,11.364583333333334,122.0,0.0,0.0
hard_constrained,renewable_drop,1414,96,0.8333333333333334,0.16666666666666666,0.0,0.9655398741639284,0.9366756839565092,98.45048365295574,1.4431611131612982,1.302778344720448,1.9112422755607186e-14,1.0,0.0,0.0,0.0,0.0,0.16666666666666666,0.0,0.15840622519405906,0.22494858299554452,235.32165541837458,146.63435402326286,339.0923232655041,0.0,0.0,0.0,0.0,235.32165541837458,146.63435402326286,339.0923232655041,867.623506262298,14.65625,411.0,0.0,0.0
hard_constrained,renewable_drop,1515,96,0.8333333333333334,0.16666666666666666,0.0,0.9653530778903955,0.9341922600744532,100.00000000046963,1.452891196168249,1.3112892919153234,0.0013591841394348225,1.0,0.0,0.0,0.0,0.0,0.16666666666666666,0.0,0.15867574309453458,0.22620147548373395,200.3223802506303,137.93100000475533,360.44469774060417,0.0,0.0,0.0,0.0,200.3223802506303,137.93100000475533,360.44469774060417,1700.8097042184052,13.375,183.0,0.0,0.0
hard_constrained,renewable_drop,1616,96,0.8333333333333334,0.16666666666666666,0.0,0.9651974079693003,0.938081348968715,100.00000000030313,1.457153795767449,1.302320488652649,0.017727050060094347,1.0,0.0,0.0,0.0,0.0,0.16666666666666666,0.0,0.15830317704426547,0.22630455905306732,163.1055355380037,140.23141650250182,352.13362496870104,0.0,0.0,0.0,0.0,163.1055355380037,140.23141650250182,352.13362496870104,511.0998642659977,10.895833333333334,35.0,0.0,0.0
hard_constrained,renewable_drop,1717,96,0.8333333333333334,0.16666666666666666,0.0,0.9649986368199466,0.9350584385003804,100.0000000003687,1.465571792794454,1.3123018177752748,0.001373786185291413,1.0,0.0,0.0,0.0,0.0,0.16666666666666666,0.0,0.15945631953800266,0.22711055041172493,161.09207851028864,140.91929100686684,355.0088540214347,0.0,0.0,0.0,0.0,161.09207851028864,140.91929100686684,355.0088540214347,446.47115660191025,10.666666666666666,35.0,0.0,0.0
hard_constrained,renewable_drop,1818,96,0.84375,0.15625,0.0,0.9656577172523608,0.9333355039297216,99.9999998192714,1.4393738086061614,1.310436571775066,0.036267798002266205,1.0,0.0,0.0,0.0,0.0,0.15625,0.0,0.15828162272333327,0.225405264779638,181.97127868794874,143.32300049136393,333.7746037141187,0.0,0.0,0.0,0.0,181.97127868794874,143.32300049136393,333.7746037141187,622.486996519725,11.927083333333334,118.0,0.0,0.0
hard_constrained,renewable_drop,1919,96,0.8333333333333334,0.16666666666666666,0.0,0.9654256580952053,0.9333558771952969,99.99999805109897,1.4466483545338438,1.3044230269743933,0.004906160114853872,1.0,0.0,0.0,0.0,0.0,0.16666666666666666,0.0,0.1584926136781015,0.22539236972076612,167.71187498792037,145.3893334546592,344.77631250047125,0.0,0.0,0.0,0.0,167.71187498792037,145.3893334546592,344.77631250047125,539.3773107236484,10.90625,35.0,0.0,0.0
hard_constrained,renewable_drop,2020,96,0.84375,0.15625,0.0,0.9652977770415282,0.9351321431343448,99.99999999817783,1.453191209509989,1.3084565535369597,0.020281688192252602,1.0,0.0,0.0,0.0,0.0,0.15625,0.0,0.1584810535973199,0.2255731779999344,191.9802335281323,145.44004149502143,318.8858127541607,0.0,0.0,0.0,0.0,191.9802335281323,145.44004149502143,318.8858127541607,618.8710648799239,12.385416666666666,202.0,0.0,0.0
hard_constrained,demand_spike,101,96,0.8229166666666666,0.17708333333333334,0.020833333333333332,0.9665790930015584,0.9358271823624887,105.97128746029603,1.3348583769002105,2.0255452829734413,0.3627520878594645,1.0,0.0,0.0,0.0,0.0,0.17708333333333334,0.0,0.2834119825764105,0.22629378813177783,230.58675480145516,142.5524585065432,509.7931977797998,0.0,0.0,0.0,0.0,230.58675480145516,142.5524585065432,509.7931977797998,589.7359478811255,14.625,62.0,0.0,0.0
hard_constrained,demand_spike,202,96,0.7916666666666666,0.20833333333333334,0.03125,0.9663851294829237,0.9352062982968796,102.94826029858916,1.350652286616126,2.0335999598040733,0.645831599566004,1.0,0.0,0.0,0.0,0.0,0.20833333333333334,0.0,0.27882701100011675,0.22500443388724678,289.2412065818159,156.71808348270133,542.9153749864781,0.0,0.0,0.0,0.0,289.2412065818159,156.71808348270133,542.9153749864781,2093.0423899175366,18.354166666666668,146.0,0.0,0.0
hard_constrained,demand_spike,303,96,0.8229166666666666,0.17708333333333334,0.010416666666666666,0.9666369143462878,0.9356880261752536,102.48170189205818,1.332784534356583,2.005915737366468,0.6969611950171977,1.0,0.0,0.0,0.0,0.0,0.17708333333333334,0.0,0.300605438626752,0.22436953953210792,305.7729644497158,149.93816649075598,550.506884988863,0.0,0.0,0.0,0.0,305.7729644497158,149.93816649075598,550.506884988863,2544.203406211453,19.229166666666668,188.0,0.0,0.0
hard_constrained,demand_spike,404,96,0.8125,0.17708333333333334,0.010416666666666666,0.9665707659980548,0.9347473084916595,103.88962162877908,1.3409483907630193,2.0236529126081173,0.4236769860254257,1.0,0.0,0.0,0.0,0.0,0.1875,0.0,0.2956753302486291,0.22545498641083558,270.4868702561119,149.48777100653388,518.7144582741894,0.0,0.0,0.0,0.0,270.4868702561119,149.48777100653388,518.7144582741894,801.2389454990516,16.9375,271.0,0.0,0.0
hard_constrained,demand_spike,505,96,0.8229166666666666,0.17708333333333334,0.010416666666666666,0.9668013775346953,0.9346148924602388,103.68466391798363,1.3350091841336849,2.0329508706365607,0.5045277893121887,1.0,0.0,0.0,0.0,0.0,0.17708333333333334,0.0,0.2986914352056873,0.22436951766160992,306.09702081528667,152.96864550327882,649.0143017435912,0.0,0.0,0.0,0.0,306.09702081528667,152.96864550327882,649.0143017435912,2146.1476735799774,19.041666666666668,193.0,0.0,0.0
hard_constrained,demand_spike,606,96,0.8229166666666666,0.17708333333333334,0.020833333333333332,0.9668693146051215,0.9371287293038529,101.72644644084572,1.3358738251556506,2.014146176709931,0.40787146480117026,1.0,0.0,0.0,0.0,0.0,0.17708333333333334,0.0,0.28864498071818107,0.22501800154271204,288.2268116263731,151.49047898012213,489.72979153040797,0.0,0.0,0.0,0.0,288.2268116263731,151.49047898012213,489.72979153040797,2208.7291246862114,18.260416666666668,223.0,0.0,0.0
hard_constrained,demand_spike,707,96,0.8541666666666666,0.14583333333333334,0.0,0.9669429791571739,0.9378747251439797,99.9999999999678,1.3268104421024358,2.007333954874643,0.5424802089408363,1.0,0.0,0.0,0.0,0.0,0.14583333333333334,0.0,0.30379217887777565,0.22437680753929576,305.5285968663763,149.17827100725845,641.0067292163149,0.0,0.0,0.0,0.0,305.5285968663763,149.17827100725845,641.0067292163149,2581.073115204344,19.21875,169.0,0.0,0.0
hard_constrained,demand_spike,808,96,0.8125,0.16666666666666666,0.020833333333333332,0.967004063398749,0.9371309973421287,102.87423838314015,1.320490556772335,2.0236789532926127,0.5161222147456458,1.0,0.0,0.0,0.0,0.0,0.1875,0.0,0.2926342744512711,0.22436952098421806,265.2728181231699,155.79733351478353,551.3451457372867,0.0,0.0,0.0,0.0,265.2728181231699,155.79733351478353,551.3451457372867,1721.9772377749891,16.458333333333332,134.0,0.0,0.0
hard_constrained,demand_spike,909,96,0.8229166666666666,0.17708333333333334,0.010416666666666666,0.9671019271519191,0.9331567183842621,101.51928591783275,1.312147490549771,2.0098207933185304,0.35819666662385014,1.0,0.0,0.0,0.0,0.0,0.17708333333333334,0.0,0.29288106012514575,0.22471312598876247,263.14040932447824,150.17360399360768,491.0864997364115,0.0,0.0,0.0,0.0,263.14040932447824,150.17360399360768,491.0864997364115,1054.0945853688706,16.34375,162.0,0.0,0.0
hard_constrained,demand_spike,1010,96,0.84375,0.15625,0.0,0.9668932743562157,0.9360933640453626,99.99999999997576,1.3288592563143038,1.997457511593661,0.5448449936305959,1.0,0.0,0.0,0.0,0.0,0.15625,0.0,0.3042260800889485,0.22563892492436335,246.4704452619723,153.55658350745216,486.7705520155141,0.0,0.0,0.0,0.0,246.4704452619723,153.55658350745216,486.7705520155141,554.6682330314063,15.40625,46.0,0.0,0.0
hard_constrained,demand_spike,1111,96,0.8333333333333334,0.16666666666666666,0.010416666666666666,0.9667914236594588,0.9369873813824331,102.67412101980587,1.3349078923869822,2.0156749155301474,0.43285320756264806,1.0,0.0,0.0,0.0,0.0,0.16666666666666666,0.0,0.29083738204342974,0.2243695199767685,267.09962460578635,159.91452051093802,498.4711459983373,0.0,0.0,0.0,0.0,267.09962460578635,159.91452051093802,498.4711459983373,1721.4346048276602,16.802083333333332,192.0,0.0,0.0
hard_constrained,demand_spike,1212,96,0.8020833333333334,0.16666666666666666,0.041666666666666664,0.9666014219703208,0.9324244476948792,102.80811532285088,1.3301521892131045,2.025403193622573,0.4561399359896302,1.0,0.0,0.0,0.0,0.0,0.19791666666666666,0.0,0.2809024268644111,0.22459187878542775,336.0983594332841,152.24383299937472,869.48843774735,0.0,0.0,0.0,0.0,336.0983594332841,152.24383299937472,869.48843774735,2727.9085125104734,21.010416666666668,213.0,0.0,0.0
hard_constrained,demand_spike,1313,96,0.8333333333333334,0.15625,0.020833333333333332,0.9669197627079341,0.9347044360942567,103.03795298139433,1.3271209519761247,2.0114524683083275,0.4241091565437445,1.0,0.0,0.0,0.0,0.0,0.16666666666666666,0.0,0.29353063607727997,0.2247089718383657,268.9567950862208,151.42129149171524,481.0843745217426,0.0,0.0,0.0,0.0,268.9567950862208,151.42129149171524,481.0843745217426,1597.8185771324195,16.84375,122.0,0.0,0.0
hard_constrained,demand_spike,1414,96,0.8229166666666666,0.17708333333333334,0.010416666666666666,0.9669673822691989,0.9366756839565092,102.09247287831151,1.322465694677642,2.005358211909915,0.5169278243621505,1.0,0.0,0.0,0.0,0.0,0.17708333333333334,0.0,0.297283558472041,0.2249485829994036,325.8779024078346,154.2627500020899,544.942469248781,0.0,0.0,0.0,0.0,325.8779024078346,154.2627500020899,544.942469248781,2725.489180893044,20.229166666666668,411.0,0.0,0.0
hard_constrained,demand_spike,1515,96,0.8125,0.1875,0.020833333333333332,0.9667667319648311,0.9341922600744532,100.5404268789941,1.3281531618944757,2.0227793905324045,0.3876370778304582,1.0,0.0,0.0,0.0,0.0,0.1875,0.0,0.28874177702646087,0.22620147548797334,358.1626748776519,149.95060450746678,527.0336772809969,0.0,0.0,0.0,0.0,358.1626748776519,149.95060450746678,527.0336772809969,3056.8153791740688,22.385416666666668,346.0,0.0,0.0
hard_constrained,demand_spike,1616,96,0.8125,0.1875,0.020833333333333332,0.9663606230799845,0.938081348968715,100.48290972953917,1.344038153497739,2.0204954815873153,0.5413256123660659,1.0,0.0,0.0,0.0,0.0,0.1875,0.0,0.2856488981152998,0.2263046400200933,290.09562674400513,146.9220414874144,576.9086357904598,0.0,0.0,0.0,0.0,290.09562674400513,146.9220414874144,576.9086357904598,2293.8174002745645,19.03125,174.0,0.0,0.0
hard_constrained,demand_spike,1717,96,0.8125,0.17708333333333334,0.020833333333333332,0.9664132788233369,0.9350584385003804,102.19484987490668,1.348185761701813,2.019138793966201,0.4002777852973038,1.0,0.0,0.0,0.0,0.0,0.1875,0.0,0.2936133117346797,0.22711055041172523,236.05217273749682,146.75549999810755,477.65553125645965,0.0,0.0,0.0,0.0,236.05217273749682,146.75549999810755,477.65553125645965,597.9829395859247,15.21875,85.0,0.0,0.0
hard_constrained,demand_spike,1818,96,0.8333333333333334,0.15625,0.010416666666666666,0.9669542495118068,0.9333355039297216,103.62985540945316,1.323561958932773,2.014936251068667,0.49839841684537867,1.0,0.0,0.0,0.0,0.0,0.16666666666666666,0.0,0.3031072128083809,0.22540526477963962,251.4637474275029,139.91295799496584,505.5793854990043,0.0,0.0,0.0,0.0,251.4637474275029,139.91295799496584,505.5793854990043,1064.7643892792967,16.708333333333332,118.0,0.0,0.0
hard_constrained,demand_spike,1919,96,0.8229166666666666,0.16666666666666666,0.010416666666666666,0.9667459523265864,0.9333558771952969,100.00000001463809,1.332468264600853,2.0176103602980255,0.5280136620488338,1.0,0.0,0.0,0.0,0.0,0.17708333333333334,0.0,0.29627184272537793,0.22539236972076648,283.22657299152826,149.5682290114928,499.45805249444675,0.0,0.0,0.0,0.0,283.22657299152826,149.5682290114928,499.45805249444675,1196.4698684518157,17.739583333333332,218.0,0.0,0.0
hard_constrained,demand_spike,2020,96,0.8333333333333334,0.15625,0.010416666666666666,0.9666301337596481,0.9351321431343448,102.34140355061021,1.3389038495184025,2.0198074890348874,0.40686120973329987,1.0,0.0,0.0,0.0,0.0,0.16666666666666666,0.0,0.2905909564404718,0.2255731779999345,269.19087150357274,154.82477052137256,518.2681455044076,0.0,0.0,0.0,0.0,269.19087150357274,154.82477052137256,518.2681455044076,1373.438930659899,16.989583333333332,202.0,0.0,0.0
hard_constrained,ev_coincidence,101,96,0.84375,0.15625,0.0,0.9688033866264742,0.9358271823624887,99.99999804812312,1.2449846672083442,1.8157888074962676,1.3475990418847474,1.0,0.0,0.0,0.0,0.0,0.15625,0.0,0.3153365771050946,0.22629378813239712,249.31349471868694,143.60414550174028,632.8082187392283,0.0,0.0,0.0,0.0,249.31349471868694,143.60414550174028,632.8082187392283,688.0343681055814,15.916666666666666,52.0,0.0,0.0
hard_constrained,ev_coincidence,202,96,0.8229166666666666,0.17708333333333334,0.0,0.9687315755531071,0.9352062982968796,99.99999999996857,1.2481659407796404,1.8268590266526354,1.4491473476379146,1.0,0.0,0.0,0.0,0.0,0.17708333333333334,0.0,0.3157899994944103,0.22500443388735095,281.28867094104254,155.48597951419652,649.0364374767523,0.0,0.0,0.0,0.0,281.28867094104254,155.48597951419652,649.0364374767523,830.8648047706772,17.65625,136.0,0.0,0.0
hard_constrained,ev_coincidence,303,96,0.8333333333333334,0.16666666666666666,0.0,0.9689274766255842,0.9356880261752536,99.99999805068335,1.2379991312444154,1.807767757801775,1.5533738591589286,1.0,0.0,0.0,0.0,0.0,0.16666666666666666,0.0,0.32281103489121676,0.22436951752234205,300.91324001659814,146.29439599229954,653.0162187409587,0.0,0.0,0.0,0.0,300.91324001659814,146.29439599229954,653.0162187409587,2266.602414922089,19.03125,156.0,0.0,0.0
hard_constrained,ev_coincidence,404,96,0.8333333333333334,0.16666666666666666,0.0,0.9688080697971982,0.9347473084916595,99.99999999996125,1.2511323329626627,1.8155531197890924,1.3892704454724338,1.0,0.0,0.0,0.0,0.0,0.16666666666666666,0.0,0.3172125504876458,0.22545498641102898,257.3339106723627,154.9346664978657,571.2481774826301,0.0,0.0,0.0,0.0,257.3339106723627,154.9346664978657,571.2481774826301,863.8722455129026,16.104166666666668,51.0,0.0,0.0
hard_constrained,ev_coincidence,505,96,0.84375,0.15625,0.0,0.9688994713590923,0.9346148924602388,99.99999999707266,1.246767750150261,1.8323555185726383,1.4998053186078302,1.0,0.0,0.0,0.0,0.0,0.15625,0.0,0.31975801037469315,0.22436951766180183,283.32597657511843,152.70143750240095,589.3758229794912,0.0,0.0,0.0,0.0,283.32597657511843,152.70143750240095,589.3758229794912,1639.8481902433546,18.333333333333332,130.0,0.0,0.0
hard_constrained,ev_coincidence,606,96,0.84375,0.15625,0.0,0.9690362849174224,0.9371287293038529,99.99999999870694,1.2444038645195477,1.812425936835818,1.3960463397940956,1.0,0.0,0.0,0.0,0.0,0.15625,0.0,0.3179237388097848,0.22502001814558922,314.963039039867,151.44922898616642,695.883656226215,0.0,0.0,0.0,0.0,314.963039039867,151.44922898616642,695.883656226215,2109.4801416678774,19.635416666666668,223.0,0.0,0.0
hard_constrained,ev_coincidence,707,96,0.8541666666666666,0.14583333333333334,0.0,0.9691379760908542,0.9378747251439797,98.76657835896023,1.2364552379969052,1.8091271946146998,1.4883942217193882,1.0,0.0,0.0,0.0,0.0,0.14583333333333334,0.0,0.32484130672696193,0.22437680753939723,300.6645260205308,151.61120850825682,644.137676761602,0.0,0.0,0.0,0.0,300.6645260205308,151.61120850825682,644.137676761602,1217.5039018067719,18.916666666666668,169.0,0.0,0.0
hard_constrained,ev_coincidence,808,96,0.84375,0.15625,0.0,0.9691865273727513,0.9371309973421287,100.00000000021423,1.2300985223056848,1.8203324872503641,1.5115683116781695,1.0,0.0,0.0,0.0,0.0,0.15625,0.0,0.3188547485016768,0.2243695209843346,255.3983485631761,149.88352148793638,664.2877504928038,0.0,0.0,0.0,0.0,255.3983485631761,149.88352148793638,664.2877504928038,751.2097463972161,16.395833333333332,63.0,0.0,0.0
hard_constrained,ev_coincidence,909,96,0.84375,0.15625,0.0,0.9692721074872654,0.9331567183842621,99.99999999739295,1.2257191782225234,1.8077553296792774,1.3199080933210783,1.0,0.0,0.0,0.0,0.0,0.15625,0.0,0.3220622815267342,0.22471312598861568,272.36750259665615,146.08931299881078,592.8149482788285,0.0,0.0,0.0,0.0,272.36750259665615,146.08931299881078,592.8149482788285,747.403864221991,17.28125,162.0,0.0,0.0
hard_constrained,ev_coincidence,1010,96,0.8541666666666666,0.14583333333333334,0.0,0.9691281849882941,0.9360933640453626,99.99999999987669,1.2380485943286808,1.8002630633313799,1.5061738565381462,1.0,0.0,0.0,0.0,0.0,0.14583333333333334,0.0,0.32185925847242164,0.22563892492474288,282.2570867307756,151.12052048789337,623.7972712551709,0.0,0.0,0.0,0.0,282.2570867307756,151.12052048789337,623.7972712551709,929.1426163254039,17.78125,131.0,0.0,0.0
hard_constrained,ev_coincidence,1111,96,0.84375,0.15625,0.0,0.9690848264568969,0.9369873813824331,99.99999805395105,1.2396451397393715,1.8159980556687247,1.3136348396815705,1.0,0.0,0.0,0.0,0.0,0.15625,0.0,0.3150696205766498,0.2243695175984941,247.60393314803272,155.49041700433008,562.0858015172416,0.0,0.0,0.0,0.0,247.60393314803272,155.49041700433008,562.0858015172416,595.8672524109714,15.802083333333334,40.0,0.0,0.0
hard_constrained,ev_coincidence,1212,96,0.84375,0.15625,0.0,0.9688756007652493,0.9324244476948792,99.9999999997788,1.236167509689346,1.8226907694171701,1.3233040640160258,1.0,0.0,0.0,0.0,0.0,0.15625,0.0,0.3115584396557454,0.22459187827465807,274.19230732084543,143.1448750081472,607.2582082415465,0.0,0.0,0.0,0.0,274.19230732084543,143.1448750081472,607.2582082415465,888.9377735176774,17.90625,165.0,0.0,0.0
hard_constrained,ev_coincidence,1313,96,0.8541666666666666,0.14583333333333334,0.0,0.9692214295141861,0.9347044360942567,99.99999999979364,1.2319224361288494,1.806391338979584,1.370753001947782,1.0,0.0,0.0,0.0,0.0,0.14583333333333334,0.0,0.31934102720804725,0.22470897183854036,250.5152808431982,141.44110400229692,531.0074894950958,0.0,0.0,0.0,0.0,250.5152808431982,141.44110400229692,531.0074894950958,667.1074853802529,17.010416666666668,122.0,0.0,0.0
hard_constrained,ev_coincidence,1414,96,0.84375,0.15625,0.0,0.9691630266261632,0.9366756839565092,98.45048365295574,1.236070995103639,1.8111720712047772,1.418084716700148,1.0,0.0,0.0,0.0,0.0,0.15625,0.0,0.3213355059731671,0.22494858299589718,346.26508763722086,146.0469374724198,634.2101249902043,0.0,0.0,0.0,0.0,346.26508763722086,146.0469374724198,634.2101249902043,3894.850033661344,22.28125,411.0,0.0,0.0
hard_constrained,ev_coincidence,1515,96,0.84375,0.15625,0.0,0.9689316641676525,0.9341922600744532,100.00000000046963,1.2431098776877825,1.8198777542924975,1.3354946282713756,1.0,0.0,0.0,0.0,0.0,0.15625,0.0,0.31724416501765895,0.2262014754840044,303.52014938580396,150.63372903387062,633.5032292554388,0.0,0.0,0.0,0.0,303.52014938580396,150.63372903387062,633.5032292554388,1676.5469062695008,19.09375,183.0,0.0,0.0
hard_constrained,ev_coincidence,1616,96,0.8333333333333334,0.16666666666666666,0.0,0.9686183960540399,0.938081348968715,100.00000000030313,1.2508825676945357,1.819649252564754,1.383901580601519,1.0,0.0,0.0,0.0,0.0,0.16666666666666666,0.0,0.3169543839169238,0.226304559053355,283.5642612274872,153.6450420098845,595.2721977810143,0.0,0.0,0.0,0.0,283.5642612274872,153.6450420098845,595.2721977810143,756.9873368542115,18.177083333333332,178.0,0.0,0.0
hard_constrained,ev_coincidence,1717,96,0.8333333333333334,0.16666666666666666,0.0,0.9685973986816666,0.9350584385003804,100.0000000003687,1.255501210837009,1.8160095931442866,1.4017227172011424,1.0,0.0,0.0,0.0,0.0,0.16666666666666666,0.0,0.321990871043009,0.22711055041179376,257.0383718939411,152.41797946509905,593.1494164833566,0.0,0.0,0.0,0.0,257.0383718939411,152.41797946509905,593.1494164833566,650.365506284288,16.239583333333332,41.0,0.0,0.0
hard_constrained,ev_coincidence,1818,96,0.8541666666666666,0.14583333333333334,0.0,0.9692389495293076,0.9333355039297216,99.9999998192714,1.231921644182335,1.8120788072580991,1.4194353011224714,1.0,0.0,0.0,0.0,0.0,0.14583333333333334,0.0,0.3223504834756948,0.22540526477978373,267.8507521050051,153.44974948675372,588.4475000348175,0.0,0.0,0.0,0.0,267.8507521050051,153.44974948675372,588.4475000348175,792.4165124975816,17.59375,118.0,0.0,0.0
hard_constrained,ev_coincidence,1919,96,0.84375,0.15625,0.0,0.9689969736285224,0.9333558771952969,99.99999805109897,1.2394330028954936,1.8133643769329892,1.5193437071537006,1.0,0.0,0.0,0.0,0.0,0.15625,0.0,0.3213254109864756,0.2253923697208383,264.88077469851606,147.99056248739362,607.0948232372757,0.0,0.0,0.0,0.0,264.88077469851606,147.99056248739362,607.0948232372757,853.0878351186393,17.479166666666668,69.0,0.0,0.0
hard_constrained,ev_coincidence,2020,96,0.84375,0.15625,0.0,0.9687648096003555,0.9351321431343448,99.99999999817783,1.2464748913204697,1.8160380016382973,1.3940109279295543,1.0,0.0,0.0,0.0,0.0,0.15625,0.0,0.31418225323049803,0.2259257533536938,328.6468007918302,152.68174998345785,656.2571664981078,0.0,0.0,0.0,0.0,328.6468007918302,152.68174998345785,656.2571664981078,2626.508383671169,20.677083333333332,202.0,0.0,0.0
hard_constrained,compound,101,96,0.84375,0.15625,0.0,0.9654742982549056,0.9358271823624887,99.99999804812312,1.4175179377328402,1.5380741614134856,0.003953976689382766,1.0,0.0,0.0,0.0,0.0,0.15625,0.0,0.1586139775728301,0.22629378813177348,160.15708854198843,146.08956247684546,217.54786401288584,0.0,0.0,0.0,0.0,160.15708854198843,146.08956247684546,217.54786401288584,557.1210646099644,10.28125,34.0,0.0,0.0
hard_constrained,compound,202,96,0.8229166666666666,0.17708333333333334,0.0,0.9655100311792154,0.9352062982968796,99.99999999996857,1.4159017124045576,1.5629492709386854,0.003953938655775812,1.0,0.0,0.0,0.0,0.0,0.17708333333333334,0.0,0.15855218876986013,0.22500443388724667,187.93554776190527,148.4873130102642,345.87124998506624,0.0,0.0,0.0,0.0,187.93554776190527,148.4873130102642,345.87124998506624,608.2744544866681,12.020833333333334,136.0,0.0,0.0
hard_constrained,compound,303,96,0.8333333333333334,0.16666666666666666,0.0,0.9656734615958663,0.9356880261752536,99.99999805068335,1.4050695692103747,1.5437338104192109,0.008684631648874416,1.0,0.0,0.0,0.0,0.0,0.16666666666666666,0.0,0.1590379000616222,0.22436951752213405,209.91257993834247,147.16562503599562,373.6061664967565,0.0,0.0,0.0,0.0,209.91257993834247,147.16562503599562,373.6061664967565,2105.850352082051,13.3125,156.0,0.0,0.0
hard_constrained,compound,404,96,0.8229166666666666,0.17708333333333334,0.0,0.9654428358731361,0.9347473084916595,99.99999999996125,1.4219132102688665,1.5504035088666241,0.00430936932571638,1.0,0.0,0.0,0.0,0.0,0.17708333333333334,0.0,0.15803723258313032,0.22545498641083359,162.15994795068886,147.50345851643942,249.43829150288366,0.0,0.0,0.0,0.0,162.15994795068886,147.50345851643942,249.43829150288366,475.93748958606716,10.375,35.0,0.0,0.0
hard_constrained,compound,505,96,0.8333333333333334,0.16666666666666666,0.0,0.9656005920673998,0.9346148924602388,99.99999999707266,1.4157174301065052,1.556412525541954,0.013929454831307185,1.0,0.0,0.0,0.0,0.0,0.16666666666666666,0.0,0.15885700902943328,0.22436951766160954,200.65449693053475,145.86647902615368,366.6556042735465,0.0,0.0,0.0,0.0,200.65449693053475,145.86647902615368,366.6556042735465,1703.3762851293413,12.59375,130.0,0.0,0.0
hard_constrained,compound,606,96,0.84375,0.15625,0.0,0.9657328104273182,0.9371287293038529,99.99999999870694,1.4158393401012888,1.5371704174243153,0.005115449166798692,1.0,0.0,0.0,0.0,0.0,0.15625,0.0,0.158333024217966,0.22501800154271154,206.17714836650217,151.15233301185071,337.6990727556404,0.0,0.0,0.0,0.0,206.17714836650217,151.15233301185071,337.6990727556404,1245.1120847428622,13.072916666666666,223.0,0.0,0.0
hard_constrained,compound,707,96,0.8541666666666666,0.14583333333333334,0.0,0.9658435641492877,0.9378747251439797,98.76657835896023,1.4050354022766065,1.5446719892788863,1.4950513757877369e-13,1.0,0.0,0.0,0.0,0.0,0.14583333333333334,0.0,0.15916954525986174,0.22437680753929426,194.26148699312762,131.7034789826721,490.6566982535878,0.0,0.0,0.0,0.0,194.26148699312762,131.7034789826721,490.6566982535878,1356.9941190886275,13.375,169.0,0.0,0.0
hard_constrained,compound,808,96,0.8333333333333334,0.16666666666666666,0.0,0.9658649320586242,0.9371309973421287,100.00000000021423,1.3971154386996876,1.5567299555054885,0.0011990203853192217,1.0,0.0,0.0,0.0,0.0,0.16666666666666666,0.0,0.15895660814701149,0.22436952098421348,165.5281397094465,144.0074584679678,256.76976022077724,0.0,0.0,0.0,0.0,165.5281397094465,144.0074584679678,256.76976022077724,559.9141369399148,10.59375,35.0,0.0,0.0
hard_constrained,compound,909,96,0.8333333333333334,0.16666666666666666,0.0,0.9659447143789567,0.9331567183842621,99.99999999739295,1.3971571432199574,1.5369227784962285,0.004819051258267228,1.0,0.0,0.0,0.0,0.0,0.16666666666666666,0.0,0.15882130578962808,0.2247131259885494,183.28800349869803,143.34552100626752,341.1462189833401,0.0,0.0,0.0,0.0,183.28800349869803,143.34552100626752,341.1462189833401,556.7496548319408,11.864583333333334,162.0,0.0,0.0
hard_constrained,compound,1010,96,0.84375,0.15625,0.0,0.9657964517611264,0.9360933640453626,99.99999999987669,1.4033256166001855,1.5401739150970277,0.01305129883449951,1.0,0.0,0.0,0.0,0.0,0.15625,0.0,0.15875964296715744,0.22563892492436244,169.64789458324958,145.350958511699,344.16677126137074,0.0,0.0,0.0,0.0,169.64789458324958,145.350958511699,344.16677126137074,479.18361875636026,10.84375,30.0,0.0,0.0
hard_constrained,compound,1111,96,0.84375,0.15625,0.0,0.9657615085135974,0.9369873813824331,99.99999805395105,1.411126726803588,1.5362269679676634,5.7348917418598155e-05,1.0,0.0,0.0,0.0,0.0,0.15625,0.0,0.15805305399013236,0.2243695175983338,157.06456861274395,142.45906201540492,200.6384272244759,0.0,0.0,0.0,0.0,157.06456861274395,142.45906201540492,200.6384272244759,433.07395444717247,10.229166666666666,30.0,0.0,0.0
hard_constrained,compound,1212,96,0.84375,0.15625,0.0,0.9655764841197586,0.9324244476948792,99.9999999997788,1.4095862938919772,1.539414293290585,0.0016328523348762016,1.0,0.0,0.0,0.0,0.0,0.15625,0.0,0.15839052819384372,0.22459187827425345,164.37040661548963,143.31056203809567,315.8970730000874,0.0,0.0,0.0,0.0,164.37040661548963,143.31056203809567,315.8970730000874,538.3765996724833,10.6875,34.0,0.0,0.0
hard_constrained,compound,1313,96,0.8541666666666666,0.14583333333333334,0.0,0.9658263977040104,0.9347044360942567,99.99999999979364,1.4055416500695845,1.532604321579111,0.006914150603378303,1.0,0.0,0.0,0.0,0.0,0.14583333333333334,0.0,0.158109752782428,0.2247089718383656,177.1981905840221,144.8939579713624,234.93993721785955,0.0,0.0,0.0,0.0,177.1981905840221,144.8939579713624,234.93993721785955,563.299483002625,11.364583333333334,122.0,0.0,0.0
hard_constrained,compound,1414,96,0.8333333333333334,0.16666666666666666,0.0,0.9657838474503704,0.9366756839565092,98.45048365295574,1.404997987014447,1.5392164741160874,1.9112422755607186e-14,1.0,0.0,0.0,0.0,0.0,0.16666666666666666,0.0,0.15840622519405906,0.22494858299554452,222.0638931994472,136.68833349947818,305.2946457610233,0.0,0.0,0.0,0.0,222.0638931994472,136.68833349947818,305.2946457610233,804.9712920037391,14.65625,411.0,0.0,0.0
hard_constrained,compound,1515,96,0.8333333333333334,0.16666666666666666,0.0,0.9655742349038204,0.9341922600744532,100.00000000046963,1.4161165603099917,1.5445288270427624,0.0013591841394348225,1.0,0.0,0.0,0.0,0.0,0.16666666666666666,0.0,0.15867574309453458,0.22620147548373395,208.42620657397978,145.33643802860752,386.17302078637294,0.0,0.0,0.0,0.0,208.42620657397978,145.33643802860752,386.17302078637294,1776.0663545399404,13.375,183.0,0.0,0.0
hard_constrained,compound,1616,96,0.8333333333333334,0.16666666666666666,0.0,0.9653898906706604,0.938081348968715,100.00000000030313,1.4204792520408145,1.539797947629335,0.017727050060094347,1.0,0.0,0.0,0.0,0.0,0.16666666666666666,0.0,0.15830317704426547,0.22630455905306732,167.8865672389899,145.53468700614758,341.0672505124239,0.0,0.0,0.0,0.0,167.8865672389899,145.53468700614758,341.0672505124239,567.570877444814,10.895833333333334,35.0,0.0,0.0
hard_constrained,compound,1717,96,0.8333333333333334,0.16666666666666666,0.0,0.9652408142621819,0.9350584385003804,100.0000000003687,1.4284904272180003,1.5465380951656145,0.001373786185291413,1.0,0.0,0.0,0.0,0.0,0.16666666666666666,0.0,0.15945631953800266,0.22711055041172493,162.49684166844722,144.02422949206084,340.22647951496765,0.0,0.0,0.0,0.0,162.49684166844722,144.02422949206084,340.22647951496765,453.0747006647285,10.666666666666666,35.0,0.0,0.0
hard_constrained,compound,1818,96,0.84375,0.15625,0.0,0.965884019465144,0.9333355039297216,99.9999998192714,1.4022269970590557,1.5476361327816448,0.036267798002266205,1.0,0.0,0.0,0.0,0.0,0.15625,0.0,0.15828162272333327,0.225405264779638,190.96251514990095,152.5141455058474,376.2819789990317,0.0,0.0,0.0,0.0,190.96251514990095,152.5141455058474,376.2819789990317,648.4256957919536,11.927083333333334,118.0,0.0,0.0
hard_constrained,compound,1919,96,0.8333333333333334,0.16666666666666666,0.0,0.9656593866885532,0.9333558771952969,99.99999805109897,1.4081264326519942,1.5444290718646392,0.004906160114853872,1.0,0.0,0.0,0.0,0.0,0.16666666666666666,0.0,0.1584926136781015,0.22539236972076612,168.65296574239133,147.49056298751384,325.77614627371076,0.0,0.0,0.0,0.0,168.65296574239133,147.49056298751384,325.77614627371076,547.8144666558364,10.90625,35.0,0.0,0.0
hard_constrained,compound,2020,96,0.84375,0.15625,0.0,0.965559114088423,0.9351321431343448,99.99999999817783,1.4147742826066996,1.5471037330708337,0.020281688192252602,1.0,0.0,0.0,0.0,0.0,0.15625,0.0,0.1584810535973199,0.2255731779999344,196.94589971732057,149.60279149818234,326.2455109943403,0.0,0.0,0.0,0.0,196.94589971732057,149.60279149818234,326.2455109943403,617.4878931633348,12.385416666666666,202.0,0.0,0.0
hard_constrained,extreme_compound,101,96,0.6354166666666666,0.2708333333333333,0.20833333333333334,0.9608879038022639,0.9358271823624887,123.92260447709322,1.6515429876566696,1.5628319079119017,0.003953976689382766,1.0,0.0,0.0,0.0,0.0,0.3645833333333333,0.0,0.1586139775728345,0.22629378813183768,166.68973790668437,149.91654199548066,308.7602607556619,0.0,0.0,0.0,0.0,166.68973790668437,149.91654199548066,308.7602607556619,553.5885708173736,10.53125,34.0,0.0,0.0
hard_constrained,extreme_compound,202,96,0.6354166666666666,0.2916666666666667,0.1875,0.9608905369075321,0.9352062982968796,119.50815098842027,1.6520097812758057,1.5744005129104632,0.003953938655775812,1.0,0.0,0.0,0.0,0.0,0.3645833333333333,0.0,0.15855218876986515,0.22500443388724967,192.50241225017817,146.12783349002711,395.6420939939562,0.0,0.0,0.0,0.0,192.50241225017817,146.12783349002711,395.6420939939562,672.821326713888,12.3125,136.0,0.0,0.0
hard_constrained,extreme_compound,303,96,0.6458333333333334,0.2708333333333333,0.1875,0.9611445369770705,0.9356880261752536,117.1152512913873,1.6376566717659369,1.5517928206423675,0.00868463165308449,1.0,0.0,0.0,0.0,0.0,0.3541666666666667,0.0,0.15903790006162463,0.22436951752213408,215.52017879124227,147.10866700625047,492.4030527472496,0.0,0.0,0.0,0.0,215.52017879124227,147.10866700625047,492.4030527472496,2224.4688149279673,13.895833333333334,156.0,0.0,0.0
hard_constrained,extreme_compound,404,96,0.625,0.3020833333333333,0.19791666666666666,0.960836119202117,0.9347473084916595,116.92532120457824,1.6571317131218215,1.5706225667388214,0.00430936932571638,1.0,0.0,0.0,0.0,0.0,0.375,0.0,0.15803723258313254,0.2254549864108503,168.492812957993,143.55254196561873,326.8474580254406,0.0,0.0,0.0,0.0,168.492812957993,143.55254196561873,326.8474580254406,557.1027749887429,11.010416666666666,50.0,0.0,0.0
hard_constrained,extreme_compound,505,96,0.65625,0.2916666666666667,0.17708333333333334,0.9609700800733304,0.9346148924602388,118.98153778268639,1.6518284529750549,1.5719190505544354,0.013929454831307185,1.0,0.0,0.0,0.0,0.0,0.34375,0.0,0.15885700902943328,0.22436951766163546,195.29114800388925,137.6552915025968,402.52021873311605,0.0,0.0,0.0,0.0,195.29114800388925,137.6552915025968,402.52021873311605,1524.2750356905146,13.145833333333334,130.0,0.0,0.0
hard_constrained,extreme_compound,606,96,0.6458333333333334,0.28125,0.19791666666666666,0.961141719866425,0.9371287293038529,119.1530405050359,1.650231347324172,1.5522011285625195,0.0051154491668521955,1.0,0.0,0.0,0.0,0.0,0.3541666666666667,0.0,0.15833302421796666,0.22501800154272233,207.05295916801938,145.3349369985517,314.2187917546835,0.0,0.0,0.0,0.0,207.05295916801938,145.3349369985517,314.2187917546835,1175.3652856830672,13.572916666666666,223.0,0.0,0.0
hard_constrained,extreme_compound,707,96,0.6666666666666666,0.2604166666666667,0.1875,0.9612408103645146,0.9378747251439797,114.9642283562621,1.6399670404696771,1.5576705968957878,1.4950513757877369e-13,1.0,0.0,0.0,0.0,0.0,0.3333333333333333,0.0,0.15916954525986723,0.2243768075392972,246.31006549255594,141.63479147828184,613.021281271358,0.0,0.0,0.0,0.0,246.31006549255594,141.63479147828184,613.021281271358,2941.851102132932,15.635416666666666,197.0,0.0,0.0
hard_constrained,extreme_compound,808,96,0.6458333333333334,0.2604166666666667,0.1875,0.9612912591679054,0.9371309973421287,118.71076419869375,1.6310656529094025,1.566823252101825,0.0011990203853192217,1.0,0.0,0.0,0.0,0.0,0.3541666666666667,0.0,0.15895660814701149,0.22436952098421348,167.29387978133067,147.79195853043348,330.54561451717746,0.0,0.0,0.0,0.0,167.29387978133067,147.79195853043348,330.54561451717746,575.11791420402,10.71875,35.0,0.0,0.0
hard_constrained,extreme_compound,909,96,0.625,0.2916666666666667,0.20833333333333334,0.9613985752952435,0.9331567183842621,120.23492613723785,1.6296185206336073,1.5564275358185897,0.004819051258267483,1.0,0.0,0.0,0.0,0.0,0.375,0.0,0.15882130578963174,0.2247131259885986,203.14961370907744,145.08516699424945,463.97605148376897,0.0,0.0,0.0,0.0,203.14961370907744,145.08516699424945,463.97605148376897,686.9553514610678,12.708333333333334,162.0,0.0,0.0
hard_constrained,extreme_compound,1010,96,0.65625,0.28125,0.1875,0.9612357000353602,0.9360933640453626,116.62853226403847,1.6373472812032148,1.542672724855209,0.01305129883449951,1.0,0.0,0.0,0.0,0.0,0.34375,0.0,0.15875964296715744,0.2256389249244651,207.42509976298606,146.2789165088907,368.5931872751098,0.0,0.0,0.0,0.0,207.42509976298606,146.2789165088907,368.5931872751098,707.6301118213369,13.395833333333334,215.0,0.0,0.0
hard_constrained,extreme_compound,1111,96,0.6354166666666666,0.2604166666666667,0.20833333333333334,0.9611866978838742,0.9369873813824331,121.04367539549618,1.6448541691190706,1.5568332036121126,5.7348917418598155e-05,1.0,0.0,0.0,0.0,0.0,0.3645833333333333,0.0,0.15805305399013236,0.2243695175983381,162.91236673108264,145.5863124865573,273.1413749861531,0.0,0.0,0.0,0.0,162.91236673108264,145.5863124865573,273.1413749861531,412.4857006565433,10.5625,30.0,0.0,0.0
hard_constrained,extreme_compound,1212,96,0.6458333333333334,0.2916666666666667,0.19791666666666666,0.9610120443393909,0.9324244476948792,119.91609765147635,1.6431404605902689,1.5646391495467018,0.0016328523348762016,1.0,0.0,0.0,0.0,0.0,0.3541666666666667,0.0,0.15839052819384808,0.22459187827426522,167.0593277528193,138.33020848687738,328.6991670029238,0.0,0.0,0.0,0.0,167.0593277528193,138.33020848687738,328.6991670029238,590.3743663948259,11.145833333333334,48.0,0.0,0.0
hard_constrained,extreme_compound,1313,96,0.6458333333333334,0.2604166666666667,0.20833333333333334,0.9612197204412104,0.9347044360942567,121.92105456588402,1.6400720367562431,1.5554485095155581,0.0069141506033785615,1.0,0.0,0.0,0.0,0.0,0.3541666666666667,0.0,0.158109752782428,0.2247089718383739,183.32305992650313,142.05068748560734,351.470625231741,0.0,0.0,0.0,0.0,183.32305992650313,142.05068748560734,351.470625231741,681.3225639663833,12.0625,122.0,0.0,0.0
hard_constrained,extreme_compound,1414,96,0.6354166666666666,0.28125,0.19791666666666666,0.9612304656047929,0.9366756839565092,118.58436230823793,1.6381684830089387,1.5539817040204094,1.352034577144221e-12,1.0,0.0,0.0,0.0,0.0,0.3645833333333333,0.0,0.15840622519406092,0.22494858299555323,248.44786755966197,148.03433351335116,426.25668724940624,0.0,0.0,0.0,0.0,248.44786755966197,148.03433351335116,426.25668724940624,1054.748983003066,15.635416666666666,411.0,0.0,0.0
hard_constrained,extreme_compound,1515,96,0.625,0.2916666666666667,0.20833333333333334,0.9609930029618607,0.9341922600744532,117.82388058234659,1.6502363071091548,1.5694086908216627,0.0013591841394349378,1.0,0.0,0.0,0.0,0.0,0.375,0.0,0.15867574309453694,0.22620147548373823,217.64467792430273,149.711624981137,426.90620849316474,0.0,0.0,0.0,0.0,217.64467792430273,149.711624981137,426.90620849316474,1793.0273559584714,13.78125,183.0,0.0,0.0
hard_constrained,extreme_compound,1616,96,0.625,0.3020833333333333,0.20833333333333334,0.9608423314402813,0.938081348968715,117.95354414613608,1.6539765478457842,1.5593990270991642,0.017727050060094347,1.0,0.0,0.0,0.0,0.0,0.375,0.0,0.15830317704426547,0.22630455905307578,172.97744618372235,147.32839600765146,348.83962497406173,0.0,0.0,0.0,0.0,172.97744618372235,147.32839600765146,348.83962497406173,570.2374566288199,11.15625,35.0,0.0,0.0
hard_constrained,extreme_compound,1717,96,0.6354166666666666,0.28125,0.19791666666666666,0.960666379038919,0.9350584385003804,119.00865525019688,1.6618343473349355,1.565476571727637,0.001373786185291413,1.0,0.0,0.0,0.0,0.0,0.3645833333333333,0.0,0.15945631953800266,0.22711055041179176,201.2882483007464,147.00962498318404,380.0559692172101,0.0,0.0,0.0,0.0,201.2882483007464,147.00962498318404,380.0559692172101,734.2245868639945,12.614583333333334,197.0,0.0,0.0
hard_constrained,extreme_compound,1818,96,0.6458333333333334,0.2916666666666667,0.19791666666666666,0.9612938291902058,0.9333355039297216,118.46347462329034,1.636874640583681,1.5686411273832985,0.036267798002266205,1.0,0.0,0.0,0.0,0.0,0.3541666666666667,0.0,0.15828162272333327,0.225405264779638,185.05298309113036,145.86756299831904,347.37068726099096,0.0,0.0,0.0,0.0,185.05298309113036,145.86756299831904,347.37068726099096,692.2370937798372,12.125,118.0,0.0,0.0
hard_constrained,extreme_compound,1919,96,0.6354166666666666,0.2708333333333333,0.19791666666666666,0.9611140032572593,0.9333558771952969,115.5691923484399,1.6415686855078289,1.5560776433816859,0.004906160114853872,1.0,0.0,0.0,0.0,0.0,0.3645833333333333,0.0,0.1584926136781015,0.22539236972076612,173.40720096520576,147.70695797051303,324.20882271253504,0.0,0.0,0.0,0.0,173.40720096520576,147.70695797051303,324.20882271253504,585.7722295215353,11.010416666666666,35.0,0.0,0.0
hard_constrained,extreme_compound,2020,96,0.65625,0.28125,0.1875,0.9609996669849128,0.9351321431343448,120.45051954676893,1.647822844278742,1.5586831831540122,0.020281688192252845,1.0,0.0,0.0,0.0,0.0,0.34375,0.0,0.1584810535973199,0.22557317799994778,202.46764889513238,145.53727098973468,375.4208329919493,0.0,0.0,0.0,0.0,202.46764889513238,145.53727098973468,375.4208329919493,990.1698562723984,13.1875,202.0,0.0,0.0
