controller,scenario,seed,steps,grid_safe_rate,trajectory_state_feasible_rate,unsafe_steps,no_safe_lattice_witness_steps,recoverable_but_missed_steps,no_witness_share_of_unsafe_steps
hard_constrained,compound,101,96,0.84375,0.84375,15,15,0,1.0
hard_constrained,compound,202,96,0.8229166666666666,0.8229166666666666,17,17,0,1.0
hard_constrained,compound,303,96,0.8333333333333334,0.8333333333333334,16,16,0,1.0
hard_constrained,compound,404,96,0.8229166666666666,0.8229166666666666,17,17,0,1.0
hard_constrained,compound,505,96,0.8333333333333334,0.8333333333333334,16,16,0,1.0
hard_constrained,compound,606,96,0.84375,0.84375,15,15,0,1.0
hard_constrained,compound,707,96,0.8541666666666666,0.8541666666666666,14,14,0,1.0
hard_constrained,compound,808,96,0.8333333333333334,0.8333333333333334,16,16,0,1.0
hard_constrained,compound,909,96,0.8333333333333334,0.8333333333333334,16,16,0,1.0
hard_constrained,compound,1010,96,0.84375,0.84375,15,15,0,1.0
hard_constrained,compound,1111,96,0.84375,0.84375,15,15,0,1.0
hard_constrained,compound,1212,96,0.84375,0.84375,15,15,0,1.0
hard_constrained,compound,1313,96,0.8541666666666666,0.8541666666666666,14,14,0,1.0
hard_constrained,compound,1414,96,0.8333333333333334,0.8333333333333334,16,16,0,1.0
hard_constrained,compound,1515,96,0.8333333333333334,0.8333333333333334,16,16,0,1.0
hard_constrained,compound,1616,96,0.8333333333333334,0.8333333333333334,16,16,0,1.0
hard_constrained,compound,1717,96,0.8333333333333334,0.8333333333333334,16,16,0,1.0
hard_constrained,compound,1818,96,0.84375,0.84375,15,15,0,1.0
hard_constrained,compound,1919,96,0.8333333333333334,0.8333333333333334,16,16,0,1.0
hard_constrained,compound,2020,96,0.84375,0.84375,15,15,0,1.0
hard_constrained,demand_spike,101,96,0.8229166666666666,0.8229166666666666,17,17,0,1.0
hard_constrained,demand_spike,202,96,0.7916666666666666,0.7916666666666666,20,20,0,1.0
hard_constrained,demand_spike,303,96,0.8229166666666666,0.8229166666666666,17,17,0,1.0
hard_constrained,demand_spike,404,96,0.8125,0.8125,18,18,0,1.0
hard_constrained,demand_spike,505,96,0.8229166666666666,0.8229166666666666,17,17,0,1.0
hard_constrained,demand_spike,606,96,0.8229166666666666,0.8229166666666666,17,17,0,1.0
hard_constrained,demand_spike,707,96,0.8541666666666666,0.8541666666666666,14,14,0,1.0
hard_constrained,demand_spike,808,96,0.8125,0.8125,18,18,0,1.0
hard_constrained,demand_spike,909,96,0.8229166666666666,0.8229166666666666,17,17,0,1.0
hard_constrained,demand_spike,1010,96,0.84375,0.84375,15,15,0,1.0
hard_constrained,demand_spike,1111,96,0.8333333333333334,0.8333333333333334,16,16,0,1.0
hard_constrained,demand_spike,1212,96,0.8020833333333334,0.8020833333333334,19,19,0,1.0
hard_constrained,demand_spike,1313,96,0.8333333333333334,0.8333333333333334,16,16,0,1.0
hard_constrained,demand_spike,1414,96,0.8229166666666666,0.8229166666666666,17,17,0,1.0
hard_constrained,demand_spike,1515,96,0.8125,0.8125,18,18,0,1.0
hard_constrained,demand_spike,1616,96,0.8125,0.8125,18,18,0,1.0
hard_constrained,demand_spike,1717,96,0.8125,0.8125,18,18,0,1.0
hard_constrained,demand_spike,1818,96,0.8333333333333334,0.8333333333333334,16,16,0,1.0
hard_constrained,demand_spike,1919,96,0.8229166666666666,0.8333333333333334,17,16,1,0.9411764705882353
hard_constrained,demand_spike,2020,96,0.8333333333333334,0.8333333333333334,16,16,0,1.0
hard_constrained,ev_coincidence,101,96,0.84375,0.84375,15,15,0,1.0
hard_constrained,ev_coincidence,202,96,0.8229166666666666,0.8229166666666666,17,17,0,1.0
hard_constrained,ev_coincidence,303,96,0.8333333333333334,0.8333333333333334,16,16,0,1.0
hard_constrained,ev_coincidence,404,96,0.8333333333333334,0.8333333333333334,16,16,0,1.0
hard_constrained,ev_coincidence,505,96,0.84375,0.84375,15,15,0,1.0
hard_constrained,ev_coincidence,606,96,0.84375,0.84375,15,15,0,1.0
hard_constrained,ev_coincidence,707,96,0.8541666666666666,0.8541666666666666,14,14,0,1.0
hard_constrained,ev_coincidence,808,96,0.84375,0.84375,15,15,0,1.0
hard_constrained,ev_coincidence,909,96,0.84375,0.84375,15,15,0,1.0
hard_constrained,ev_coincidence,1010,96,0.8541666666666666,0.8541666666666666,14,14,0,1.0
hard_constrained,ev_coincidence,1111,96,0.84375,0.84375,15,15,0,1.0
hard_constrained,ev_coincidence,1212,96,0.84375,0.84375,15,15,0,1.0
hard_constrained,ev_coincidence,1313,96,0.8541666666666666,0.8541666666666666,14,14,0,1.0
hard_constrained,ev_coincidence,1414,96,0.84375,0.84375,15,15,0,1.0
hard_constrained,ev_coincidence,1515,96,0.84375,0.84375,15,15,0,1.0
hard_constrained,ev_coincidence,1616,96,0.8333333333333334,0.8333333333333334,16,16,0,1.0
hard_constrained,ev_coincidence,1717,96,0.8333333333333334,0.8333333333333334,16,16,0,1.0
hard_constrained,ev_coincidence,1818,96,0.8541666666666666,0.8541666666666666,14,14,0,1.0
hard_constrained,ev_coincidence,1919,96,0.84375,0.84375,15,15,0,1.0
hard_constrained,ev_coincidence,2020,96,0.84375,0.84375,15,15,0,1.0
hard_constrained,extreme_compound,101,96,0.6354166666666666,0.6354166666666666,35,35,0,1.0
hard_constrained,extreme_compound,202,96,0.6354166666666666,0.6354166666666666,35,35,0,1.0
hard_constrained,extreme_compound,303,96,0.6458333333333334,0.6458333333333334,34,34,0,1.0
hard_constrained,extreme_compound,404,96,0.625,0.625,36,36,0,1.0
hard_constrained,extreme_compound,505,96,0.65625,0.65625,33,33,0,1.0
hard_constrained,extreme_compound,606,96,0.6458333333333334,0.6458333333333334,34,34,0,1.0
hard_constrained,extreme_compound,707,96,0.6666666666666666,0.6666666666666666,32,32,0,1.0
hard_constrained,extreme_compound,808,96,0.6458333333333334,0.6458333333333334,34,34,0,1.0
hard_constrained,extreme_compound,909,96,0.625,0.625,36,36,0,1.0
hard_constrained,extreme_compound,1010,96,0.65625,0.65625,33,33,0,1.0
hard_constrained,extreme_compound,1111,96,0.6354166666666666,0.6354166666666666,35,35,0,1.0
hard_constrained,extreme_compound,1212,96,0.6458333333333334,0.6458333333333334,34,34,0,1.0
hard_constrained,extreme_compound,1313,96,0.6458333333333334,0.6458333333333334,34,34,0,1.0
hard_constrained,extreme_compound,1414,96,0.6354166666666666,0.6354166666666666,35,35,0,1.0
hard_constrained,extreme_compound,1515,96,0.625,0.625,36,36,0,1.0
hard_constrained,extreme_compound,1616,96,0.625,0.625,36,36,0,1.0
hard_constrained,extreme_compound,1717,96,0.6354166666666666,0.6354166666666666,35,35,0,1.0
hard_constrained,extreme_compound,1818,96,0.6458333333333334,0.6458333333333334,34,34,0,1.0
hard_constrained,extreme_compound,1919,96,0.6354166666666666,0.6354166666666666,35,35,0,1.0
hard_constrained,extreme_compound,2020,96,0.65625,0.65625,33,33,0,1.0
hard_constrained,normal,101,96,0.8541666666666666,0.8541666666666666,14,14,0,1.0
hard_constrained,normal,202,96,0.8333333333333334,0.8333333333333334,16,16,0,1.0
hard_constrained,normal,303,96,0.84375,0.84375,15,15,0,1.0
hard_constrained,normal,404,96,0.84375,0.84375,15,15,0,1.0
hard_constrained,normal,505,96,0.84375,0.84375,15,15,0,1.0
hard_constrained,normal,606,96,0.8541666666666666,0.8541666666666666,14,14,0,1.0
hard_constrained,normal,707,96,0.8541666666666666,0.8541666666666666,14,14,0,1.0
hard_constrained,normal,808,96,0.84375,0.84375,15,15,0,1.0
hard_constrained,normal,909,96,0.8541666666666666,0.8541666666666666,14,14,0,1.0
hard_constrained,normal,1010,96,0.8541666666666666,0.8541666666666666,14,14,0,1.0
hard_constrained,normal,1111,96,0.8541666666666666,0.8541666666666666,14,14,0,1.0
hard_constrained,normal,1212,96,0.8541666666666666,0.8541666666666666,14,14,0,1.0
hard_constrained,normal,1313,96,0.8541666666666666,0.8541666666666666,14,14,0,1.0
hard_constrained,normal,1414,96,0.84375,0.84375,15,15,0,1.0
hard_constrained,normal,1515,96,0.84375,0.84375,15,15,0,1.0
hard_constrained,normal,1616,96,0.8333333333333334,0.8333333333333334,16,16,0,1.0
hard_constrained,normal,1717,96,0.84375,0.84375,15,15,0,1.0
hard_constrained,normal,1818,96,0.8645833333333334,0.8645833333333334,13,13,0,1.0
hard_constrained,normal,1919,96,0.84375,0.84375,15,15,0,1.0
hard_constrained,normal,2020,96,0.8541666666666666,0.8541666666666666,14,14,0,1.0
hard_constrained,renewable_drop,101,96,0.84375,0.84375,15,15,0,1.0
hard_constrained,renewable_drop,202,96,0.8229166666666666,0.8229166666666666,17,17,0,1.0
hard_constrained,renewable_drop,303,96,0.8333333333333334,0.8333333333333334,16,16,0,1.0
hard_constrained,renewable_drop,404,96,0.8229166666666666,0.8229166666666666,17,17,0,1.0
hard_constrained,renewable_drop,505,96,0.8333333333333334,0.8333333333333334,16,16,0,1.0
hard_constrained,renewable_drop,606,96,0.84375,0.84375,15,15,0,1.0
hard_constrained,renewable_drop,707,96,0.8541666666666666,0.8541666666666666,14,14,0,1.0
hard_constrained,renewable_drop,808,96,0.8333333333333334,0.8333333333333334,16,16,0,1.0
hard_constrained,renewable_drop,909,96,0.8333333333333334,0.8333333333333334,16,16,0,1.0
hard_constrained,renewable_drop,1010,96,0.84375,0.84375,15,15,0,1.0
hard_constrained,renewable_drop,1111,96,0.84375,0.84375,15,15,0,1.0
hard_constrained,renewable_drop,1212,96,0.84375,0.84375,15,15,0,1.0
hard_constrained,renewable_drop,1313,96,0.8541666666666666,0.8541666666666666,14,14,0,1.0
hard_constrained,renewable_drop,1414,96,0.8333333333333334,0.8333333333333334,16,16,0,1.0
hard_constrained,renewable_drop,1515,96,0.8333333333333334,0.8333333333333334,16,16,0,1.0
hard_constrained,renewable_drop,1616,96,0.8333333333333334,0.8333333333333334,16,16,0,1.0
hard_constrained,renewable_drop,1717,96,0.8333333333333334,0.8333333333333334,16,16,0,1.0
hard_constrained,renewable_drop,1818,96,0.84375,0.84375,15,15,0,1.0
hard_constrained,renewable_drop,1919,96,0.8333333333333334,0.8333333333333334,16,16,0,1.0
hard_constrained,renewable_drop,2020,96,0.84375,0.84375,15,15,0,1.0
hard_constrained,solar_surge,101,96,0.8541666666666666,0.8541666666666666,14,14,0,1.0
hard_constrained,solar_surge,202,96,0.8333333333333334,0.8333333333333334,16,16,0,1.0
hard_constrained,solar_surge,303,96,0.84375,0.84375,15,15,0,1.0
hard_constrained,solar_surge,404,96,0.84375,0.84375,15,15,0,1.0
hard_constrained,solar_surge,505,96,0.84375,0.84375,15,15,0,1.0
hard_constrained,solar_surge,606,96,0.8541666666666666,0.8541666666666666,14,14,0,1.0
hard_constrained,solar_surge,707,96,0.8541666666666666,0.8541666666666666,14,14,0,1.0
hard_constrained,solar_surge,808,96,0.84375,0.84375,15,15,0,1.0
hard_constrained,solar_surge,909,96,0.8541666666666666,0.8541666666666666,14,14,0,1.0
hard_constrained,solar_surge,1010,96,0.8541666666666666,0.8541666666666666,14,14,0,1.0
hard_constrained,solar_surge,1111,96,0.8541666666666666,0.8541666666666666,14,14,0,1.0
hard_constrained,solar_surge,1212,96,0.8541666666666666,0.8541666666666666,14,14,0,1.0
hard_constrained,solar_surge,1313,96,0.8541666666666666,0.8541666666666666,14,14,0,1.0
hard_constrained,solar_surge,1414,96,0.84375,0.84375,15,15,0,1.0
hard_constrained,solar_surge,1515,96,0.8541666666666666,0.8541666666666666,14,14,0,1.0
hard_constrained,solar_surge,1616,96,0.8333333333333334,0.8333333333333334,16,16,0,1.0
hard_constrained,solar_surge,1717,96,0.84375,0.84375,15,15,0,1.0
hard_constrained,solar_surge,1818,96,0.8645833333333334,0.8645833333333334,13,13,0,1.0
hard_constrained,solar_surge,1919,96,0.84375,0.84375,15,15,0,1.0
hard_constrained,solar_surge,2020,96,0.8541666666666666,0.8541666666666666,14,14,0,1.0
