controller,scenario,seed,steps,grid_safe_rate,trajectory_state_feasible_rate,unsafe_steps,state_infeasible_steps,recoverable_but_missed_steps,unsafe_explained_by_state_infeasibility_rate
assured,compound,101,96,1.0,1.0,0,0,0,1.0
assured,compound,202,96,1.0,1.0,0,0,0,1.0
assured,compound,303,96,1.0,1.0,0,0,0,1.0
assured,compound,404,96,1.0,1.0,0,0,0,1.0
assured,compound,505,96,1.0,1.0,0,0,0,1.0
assured,compound,606,96,1.0,1.0,0,0,0,1.0
assured,compound,707,96,1.0,1.0,0,0,0,1.0
assured,compound,808,96,1.0,1.0,0,0,0,1.0
assured,compound,909,96,1.0,1.0,0,0,0,1.0
assured,compound,1010,96,1.0,1.0,0,0,0,1.0
assured,compound,1111,96,1.0,1.0,0,0,0,1.0
assured,compound,1212,96,1.0,1.0,0,0,0,1.0
assured,compound,1313,96,1.0,1.0,0,0,0,1.0
assured,compound,1414,96,1.0,1.0,0,0,0,1.0
assured,compound,1515,96,1.0,1.0,0,0,0,1.0
assured,compound,1616,96,1.0,1.0,0,0,0,1.0
assured,compound,1717,96,1.0,1.0,0,0,0,1.0
assured,compound,1818,96,1.0,1.0,0,0,0,1.0
assured,compound,1919,96,1.0,1.0,0,0,0,1.0
assured,compound,2020,96,1.0,1.0,0,0,0,1.0
assured,demand_spike,101,96,0.9479166666666666,0.9791666666666666,5,2,3,0.4
assured,demand_spike,202,96,0.9270833333333334,0.96875,7,3,4,0.42857142857142855
assured,demand_spike,303,96,0.96875,0.9895833333333334,3,1,2,0.3333333333333333
assured,demand_spike,404,96,0.9895833333333334,0.9895833333333334,1,1,0,1.0
assured,demand_spike,505,96,0.9479166666666666,0.9895833333333334,5,1,4,0.2
assured,demand_spike,606,96,0.96875,0.9895833333333334,3,1,2,0.3333333333333333
assured,demand_spike,707,96,0.9479166666666666,1.0,5,0,5,0.0
assured,demand_spike,808,96,0.9479166666666666,0.96875,5,3,2,0.6
assured,demand_spike,909,96,0.9583333333333334,0.9895833333333334,4,1,3,0.25
assured,demand_spike,1010,96,0.9583333333333334,1.0,4,0,4,0.0
assured,demand_spike,1111,96,0.9583333333333334,0.9895833333333334,4,1,3,0.25
assured,demand_spike,1212,96,0.9375,0.96875,6,3,3,0.5
assured,demand_spike,1313,96,0.9479166666666666,0.9791666666666666,5,2,3,0.4
assured,demand_spike,1414,96,0.96875,0.9895833333333334,3,1,2,0.3333333333333333
assured,demand_spike,1515,96,0.9479166666666666,0.9895833333333334,5,1,4,0.2
assured,demand_spike,1616,96,0.9583333333333334,0.9791666666666666,4,2,2,0.5
assured,demand_spike,1717,96,0.9583333333333334,0.9791666666666666,4,2,2,0.5
assured,demand_spike,1818,96,0.9270833333333334,0.9895833333333334,7,1,6,0.14285714285714285
assured,demand_spike,1919,96,0.9479166666666666,1.0,5,0,5,0.0
assured,demand_spike,2020,96,0.96875,0.9895833333333334,3,1,2,0.3333333333333333
assured,ev_coincidence,101,96,1.0,1.0,0,0,0,1.0
assured,ev_coincidence,202,96,1.0,1.0,0,0,0,1.0
assured,ev_coincidence,303,96,1.0,1.0,0,0,0,1.0
assured,ev_coincidence,404,96,1.0,1.0,0,0,0,1.0
assured,ev_coincidence,505,96,1.0,1.0,0,0,0,1.0
assured,ev_coincidence,606,96,1.0,1.0,0,0,0,1.0
assured,ev_coincidence,707,96,1.0,1.0,0,0,0,1.0
assured,ev_coincidence,808,96,1.0,1.0,0,0,0,1.0
assured,ev_coincidence,909,96,1.0,1.0,0,0,0,1.0
assured,ev_coincidence,1010,96,1.0,1.0,0,0,0,1.0
assured,ev_coincidence,1111,96,1.0,1.0,0,0,0,1.0
assured,ev_coincidence,1212,96,1.0,1.0,0,0,0,1.0
assured,ev_coincidence,1313,96,1.0,1.0,0,0,0,1.0
assured,ev_coincidence,1414,96,1.0,1.0,0,0,0,1.0
assured,ev_coincidence,1515,96,1.0,1.0,0,0,0,1.0
assured,ev_coincidence,1616,96,1.0,1.0,0,0,0,1.0
assured,ev_coincidence,1717,96,1.0,1.0,0,0,0,1.0
assured,ev_coincidence,1818,96,1.0,1.0,0,0,0,1.0
assured,ev_coincidence,1919,96,1.0,1.0,0,0,0,1.0
assured,ev_coincidence,2020,96,1.0,1.0,0,0,0,1.0
assured,extreme_compound,101,96,0.6354166666666666,0.6354166666666666,35,35,0,1.0
assured,extreme_compound,202,96,0.6354166666666666,0.6354166666666666,35,35,0,1.0
assured,extreme_compound,303,96,0.6458333333333334,0.6458333333333334,34,34,0,1.0
assured,extreme_compound,404,96,0.625,0.625,36,36,0,1.0
assured,extreme_compound,505,96,0.65625,0.65625,33,33,0,1.0
assured,extreme_compound,606,96,0.6458333333333334,0.6458333333333334,34,34,0,1.0
assured,extreme_compound,707,96,0.6666666666666666,0.6666666666666666,32,32,0,1.0
assured,extreme_compound,808,96,0.65625,0.65625,33,33,0,1.0
assured,extreme_compound,909,96,0.625,0.625,36,36,0,1.0
assured,extreme_compound,1010,96,0.65625,0.65625,33,33,0,1.0
assured,extreme_compound,1111,96,0.6354166666666666,0.6354166666666666,35,35,0,1.0
assured,extreme_compound,1212,96,0.6458333333333334,0.6458333333333334,34,34,0,1.0
assured,extreme_compound,1313,96,0.6458333333333334,0.6458333333333334,34,34,0,1.0
assured,extreme_compound,1414,96,0.6354166666666666,0.6354166666666666,35,35,0,1.0
assured,extreme_compound,1515,96,0.625,0.625,36,36,0,1.0
assured,extreme_compound,1616,96,0.625,0.625,36,36,0,1.0
assured,extreme_compound,1717,96,0.6354166666666666,0.6354166666666666,35,35,0,1.0
assured,extreme_compound,1818,96,0.6458333333333334,0.6458333333333334,34,34,0,1.0
assured,extreme_compound,1919,96,0.6354166666666666,0.6354166666666666,35,35,0,1.0
assured,extreme_compound,2020,96,0.65625,0.65625,33,33,0,1.0
assured,normal,101,96,1.0,1.0,0,0,0,1.0
assured,normal,202,96,1.0,1.0,0,0,0,1.0
assured,normal,303,96,1.0,1.0,0,0,0,1.0
assured,normal,404,96,1.0,1.0,0,0,0,1.0
assured,normal,505,96,1.0,1.0,0,0,0,1.0
assured,normal,606,96,1.0,1.0,0,0,0,1.0
assured,normal,707,96,1.0,1.0,0,0,0,1.0
assured,normal,808,96,1.0,1.0,0,0,0,1.0
assured,normal,909,96,1.0,1.0,0,0,0,1.0
assured,normal,1010,96,1.0,1.0,0,0,0,1.0
assured,normal,1111,96,1.0,1.0,0,0,0,1.0
assured,normal,1212,96,1.0,1.0,0,0,0,1.0
assured,normal,1313,96,1.0,1.0,0,0,0,1.0
assured,normal,1414,96,1.0,1.0,0,0,0,1.0
assured,normal,1515,96,1.0,1.0,0,0,0,1.0
assured,normal,1616,96,1.0,1.0,0,0,0,1.0
assured,normal,1717,96,1.0,1.0,0,0,0,1.0
assured,normal,1818,96,1.0,1.0,0,0,0,1.0
assured,normal,1919,96,1.0,1.0,0,0,0,1.0
assured,normal,2020,96,1.0,1.0,0,0,0,1.0
assured,renewable_drop,101,96,1.0,1.0,0,0,0,1.0
assured,renewable_drop,202,96,1.0,1.0,0,0,0,1.0
assured,renewable_drop,303,96,1.0,1.0,0,0,0,1.0
assured,renewable_drop,404,96,1.0,1.0,0,0,0,1.0
assured,renewable_drop,505,96,1.0,1.0,0,0,0,1.0
assured,renewable_drop,606,96,1.0,1.0,0,0,0,1.0
assured,renewable_drop,707,96,1.0,1.0,0,0,0,1.0
assured,renewable_drop,808,96,1.0,1.0,0,0,0,1.0
assured,renewable_drop,909,96,1.0,1.0,0,0,0,1.0
assured,renewable_drop,1010,96,1.0,1.0,0,0,0,1.0
assured,renewable_drop,1111,96,1.0,1.0,0,0,0,1.0
assured,renewable_drop,1212,96,1.0,1.0,0,0,0,1.0
assured,renewable_drop,1313,96,1.0,1.0,0,0,0,1.0
assured,renewable_drop,1414,96,1.0,1.0,0,0,0,1.0
assured,renewable_drop,1515,96,1.0,1.0,0,0,0,1.0
assured,renewable_drop,1616,96,1.0,1.0,0,0,0,1.0
assured,renewable_drop,1717,96,1.0,1.0,0,0,0,1.0
assured,renewable_drop,1818,96,1.0,1.0,0,0,0,1.0
assured,renewable_drop,1919,96,1.0,1.0,0,0,0,1.0
assured,renewable_drop,2020,96,1.0,1.0,0,0,0,1.0
assured,solar_surge,101,96,1.0,1.0,0,0,0,1.0
assured,solar_surge,202,96,1.0,1.0,0,0,0,1.0
assured,solar_surge,303,96,1.0,1.0,0,0,0,1.0
assured,solar_surge,404,96,1.0,1.0,0,0,0,1.0
assured,solar_surge,505,96,1.0,1.0,0,0,0,1.0
assured,solar_surge,606,96,1.0,1.0,0,0,0,1.0
assured,solar_surge,707,96,1.0,1.0,0,0,0,1.0
assured,solar_surge,808,96,1.0,1.0,0,0,0,1.0
assured,solar_surge,909,96,1.0,1.0,0,0,0,1.0
assured,solar_surge,1010,96,1.0,1.0,0,0,0,1.0
assured,solar_surge,1111,96,1.0,1.0,0,0,0,1.0
assured,solar_surge,1212,96,1.0,1.0,0,0,0,1.0
assured,solar_surge,1313,96,1.0,1.0,0,0,0,1.0
assured,solar_surge,1414,96,1.0,1.0,0,0,0,1.0
assured,solar_surge,1515,96,1.0,1.0,0,0,0,1.0
assured,solar_surge,1616,96,1.0,1.0,0,0,0,1.0
assured,solar_surge,1717,96,1.0,1.0,0,0,0,1.0
assured,solar_surge,1818,96,1.0,1.0,0,0,0,1.0
assured,solar_surge,1919,96,1.0,1.0,0,0,0,1.0
assured,solar_surge,2020,96,1.0,1.0,0,0,0,1.0
